SITENO,MIFR_NAME
12449950,Lower_Methow
12449500,Middle_Methow
12447389,Upper_Methow
12447383,Methow_Headwater
12447500,Chewack_River
12448998,Twisp_River
12445000,Middle_Okanogan
12442500,Similkameen
12447200,Lower_Okanogan
12439500,Upper_Okanogan
14013000,Mill_Creek_MP1
12457000,Wenatchee_River_Plain
12458500,Icicle_Creek_nr_Levenworth
12459000,Wenatchee_River_Peshastin
32A100,WallaWalla_River_MP5a
3.20E+51,North_fork_touchet_River_MP6a
32B100,Touchet_River_MP11a
12462500,Wenatchee_River_Monitor
