SITENO,SITENAME,CATEGORY,AGENCY,LONGDD,LATDD,SITEURL,join_lat,join_lon,join_V2,join_LAT_LON,distance
12438900,"NINEMILE CREEK NEAR OROVILLE, WA",ST,USGS,-119.4056188,48.9698886,https://waterdata.usgs.gov/nwis/inventory?agency_code=USGS&site_no=12438900,48.96875,-119.40625,BONNE,48.96875_-119.40625,0.001301854
12438905,"NINEMILE CREEK AT EASTLAKE RD NEAR OROVILLE, WA",ST,USGS,-119.4185194,48.9703694,https://waterdata.usgs.gov/nwis/inventory?agency_code=USGS&site_no=12438905,48.96875,-119.40625,DALLE,48.96875_-119.40625,0.012375808
12439300,"TONASKET CREEK AT OROVILLE, WA",ST,USGS,-119.4136748,48.94294189,https://waterdata.usgs.gov/nwis/inventory?agency_code=USGS&site_no=12439300,48.96875,-119.40625,BONNE,48.96875_-119.40625,0.02685491
12439500,"OKANOGAN RIVER AT OROVILLE, WA",ST,USGS,-119.4203419,48.9307184,https://waterdata.usgs.gov/nwis/inventory?agency_code=USGS&site_no=12439500,48.90625,-119.40625,MCNAR,48.90625_-119.40625,0.028236222
12440000,"SINLAHEKIN CREEK ABOVE BLUE LAKE NEAR LOOMIS, WA",ST,USGS,-119.717849,48.6915377,https://waterdata.usgs.gov/nwis/inventory?agency_code=USGS&site_no=12440000,48.71875,-119.71875,BONNE,48.71875_-119.71875,0.027227212
12441000,"SINLAHEKIN CREEK AT TWIN BRIDGE NEAR LOOMIS, WA",ST,USGS,-119.6734047,48.7359825,https://waterdata.usgs.gov/nwis/inventory?agency_code=USGS&site_no=12441000,48.71875,-119.65625,WELLS,48.71875_-119.65625,0.024315485
12441500,"SINLAHEKIN CREEK NEAR LOOMIS, WA",ST,USGS,-119.651183,48.78042809,https://waterdata.usgs.gov/nwis/inventory?agency_code=USGS&site_no=12441500,48.78125,-119.65625,WANAP,48.78125_-119.65625,0.005133228
12442000,"TOATS COULEE CREEK NEAR LOOMIS, WA",ST,USGS,-119.6967417,48.8340404,https://waterdata.usgs.gov/nwis/inventory?agency_code=USGS&site_no=12442000,48.84375,-119.71875,JDAYY,48.84375_-119.71875,0.02405497
12442200,"WHITESTONE IRRIGATION CANAL NEAR LOOMIS, WA",ST,USGS,-119.6703518,48.83126278,https://waterdata.usgs.gov/nwis/inventory?agency_code=USGS&site_no=12442200,48.84375,-119.65625,WANAP,48.84375_-119.65625,0.018835908
12442300,"SINLAHEKIN CREEK AB CHOPAKA CREEK NEAR LOOMIS, WA",ST,USGS,-119.6484071,48.8526525,https://waterdata.usgs.gov/nwis/inventory?agency_code=USGS&site_no=12442300,48.84375,-119.65625,WANAP,48.84375_-119.65625,0.011864467
12442500,"SIMILKAMEEN RIVER NEAR NIGHTHAWK, WA",ST,USGS,-119.6184098,48.98460109,https://waterdata.usgs.gov/nwis/inventory?agency_code=USGS&site_no=12442500,48.96875,-119.59375,PRIRA,48.96875_-119.59375,0.02931489
12443000,"OROVILLE TONASKET I.D. CANAL NR OROVILLE, WA",ST,USGS,-119.4678466,48.94988169,https://waterdata.usgs.gov/nwis/inventory?agency_code=USGS&site_no=12443000,48.96875,-119.46875,WANAP,48.96875_-119.46875,0.018889925
12443500,"SIMILKAMEEN RIVER NEAR OROVILLE, WA",ST,USGS,-119.5011834,48.96099,https://waterdata.usgs.gov/nwis/inventory?agency_code=USGS&site_no=12443500,48.96875,-119.53125,JDAYY,48.96875_-119.53125,0.03105186
12444100,"WHITESTONE CREEK NEAR TONASKET, WA",ST,USGS,-119.434507,48.78459897,https://waterdata.usgs.gov/nwis/inventory?agency_code=USGS&site_no=12444100,48.78125,-119.40625,JDAYY,48.78125_-119.40625,0.028454765
12444290,"ANTOINE CREEK AT US HWY 97 NEAR ELLISFORDE, WA",ST,USGS,-119.4092274,48.7593207,https://waterdata.usgs.gov/nwis/inventory?agency_code=USGS&site_no=12444290,48.78125,-119.40625,JDAYY,48.78125_-119.40625,0.022130502
12444490,"BONAPARTE CREEK NEAR WAUCONDA, WA",ST,USGS,-119.2017131,48.65710215,https://waterdata.usgs.gov/nwis/inventory?agency_code=USGS&site_no=12444490,48.65625,-119.21875,ROCKY,48.65625_-119.21875,0.017058198
12444550,"BONAPARTE CREEK AT TONASKET, WA",ST,USGS,-119.4428372,48.70126396,https://waterdata.usgs.gov/nwis/inventory?agency_code=USGS&site_no=12444550,48.71875,-119.46875,WANAP,48.71875_-119.46875,0.031260755
12445000,"OKANOGAN RIVER NEAR TONASKET, WA",ST,USGS,-119.4617229,48.632375,https://waterdata.usgs.gov/nwis/inventory?agency_code=USGS&site_no=12445000,48.65625,-119.46875,DALLE,48.65625_-119.46875,0.024887663
12445500,"JOHNSON CREEK NEAR RIVERSIDE, WA",ST,USGS,-119.5261623,48.49709709,https://waterdata.usgs.gov/nwis/inventory?agency_code=USGS&site_no=12445500,48.46875,-119.53125,OKANA,48.46875_-119.53125,0.028800038
12445900,"OMAK CREEK NEAR OMAK, WA",ST,USGS,-119.4450465,48.36709697,https://waterdata.usgs.gov/nwis/inventory?agency_code=USGS&site_no=12445900,48.34375,-119.46875,PRIRA,48.34375_-119.46875,0.033270662
12445939,"NO NAME CREEK NEAR SOURCE NEAR OMAK, WA",ST,USGS,-119.4436574,48.35320796,https://waterdata.usgs.gov/nwis/inventory?agency_code=USGS&site_no=12445939,48.34375,-119.46875,PRIRA,48.34375_-119.46875,0.026815883
12445940,"NO NAME CREEK DIVERSION NEAR OMAK, WA",ST,USGS,-119.436157,48.3451524,https://waterdata.usgs.gov/nwis/inventory?agency_code=USGS&site_no=12445940,48.34375,-119.40625,RISLA,48.34375_-119.40625,0.029939863
12445941,"NO NAME CREEK BELOW DIVERSION NEAR OMAK, WA",ST,USGS,-119.4425461,48.3451523,https://waterdata.usgs.gov/nwis/inventory?agency_code=USGS&site_no=12445941,48.34375,-119.46875,PRIRA,48.34375_-119.46875,0.026241395
12445942,"NO NAME CREEK DIVERSION RETURN NEAR OMAK, WA",ST,USGS,-119.4411571,48.3401523,https://waterdata.usgs.gov/nwis/inventory?agency_code=USGS&site_no=12445942,48.34375,-119.46875,BONNE,48.34375_-119.46875,0.027826455
12445944,"NO NAME CREEK AT GRANITE LIP NEAR OMAK, WA",ST,USGS,-119.4361568,48.3293189,https://waterdata.usgs.gov/nwis/inventory?agency_code=USGS&site_no=12445944,48.34375,-119.40625,DALLE,48.34375_-119.40625,0.033206525
12446000,"OKANOGAN RIVER AT OKANOGAN, WA",ST,USGS,-119.58172,48.36098426,https://waterdata.usgs.gov/nwis/inventory?agency_code=USGS&site_no=12446000,48.34375,-119.59375,BONNE,48.34375_-119.59375,0.021017626
12446150,"NORTH FORK SALMON CREEK NEAR CONCONULLY, WA",ST,USGS,-119.7739588,48.5962595,https://waterdata.usgs.gov/nwis/inventory?agency_code=USGS&site_no=12446150,48.59375,-119.78125,BONNE,48.59375_-119.78125,0.007710978
12446400,"WEST FORK SALMON CREEK NEAR CONCONULLY, WA",ST,USGS,-119.7642339,48.5409819,https://waterdata.usgs.gov/nwis/inventory?agency_code=USGS&site_no=12446400,48.53125,-119.78125,JDAYY,48.53125_-119.78125,0.019602488
12446500,"SALMON CREEK NEAR CONCONULLY, WA",ST,USGS,-119.7483995,48.53320438,https://waterdata.usgs.gov/nwis/inventory?agency_code=USGS&site_no=12446500,48.53125,-119.71875,OKANA,48.53125_-119.71875,0.029713843
12446995,"SALMON CREEK ABOVE DIVERSION NEAR OKANOGAN, WA",ST,USGS,-119.6217229,48.40515066,https://waterdata.usgs.gov/nwis/inventory?agency_code=USGS&site_no=12446995,48.40625,-119.59375,BONNE,48.40625_-119.59375,0.027994494
12447000,"SALMON CREEK NEAR OKANOGAN, WA",ST,USGS,-119.6178337,48.3998729,https://waterdata.usgs.gov/nwis/inventory?agency_code=USGS&site_no=12447000,48.40625,-119.59375,BONNE,48.40625_-119.59375,0.024913691
12447200,"OKANOGAN RIVER AT MALOTT, WA",ST,USGS,-119.7045047,48.2812606,https://waterdata.usgs.gov/nwis/inventory?agency_code=USGS&site_no=12447200,48.28125,-119.71875,BONNE,48.28125_-119.71875,0.014245304
12447285,"LOUP LOUP CREEK AT MALOTT, WA",ST,USGS,-119.7083938,48.283205,https://waterdata.usgs.gov/nwis/inventory?agency_code=USGS&site_no=12447285,48.28125,-119.71875,BONNE,48.28125_-119.71875,0.010539113
12447300,"OKANOGAN RIVER NEAR MALOTT, WA",ST,USGS,-119.7325614,48.23792679,https://waterdata.usgs.gov/nwis/inventory?agency_code=USGS&site_no=12447300,48.21875,-119.71875,ROCKY,48.21875_-119.71875,0.02363269
12447370,"LOST RIVER NEAR MAZAMA, WA",ST,USGS,-120.5062119,48.65513985,https://waterdata.usgs.gov/nwis/inventory?agency_code=USGS&site_no=12447370,48.65625,-120.53125,ROCKY,48.65625_-120.53125,0.025062699
12447382,"EARLY WINTERS CREEK NEAR MAZAMA, WA",ST,USGS,-120.4431528,48.5984748,https://waterdata.usgs.gov/nwis/inventory?agency_code=USGS&site_no=12447382,48.59375,-120.46875,RISLA,48.59375_-120.46875,0.026029606
12447383,"METHOW RIVER ABOVE GOAT CREEK NEAR MAZAMA, WA",ST,USGS,-120.385861,48.57425,https://waterdata.usgs.gov/nwis/inventory?agency_code=USGS&site_no=12447383,48.59375,-120.40625,DALLE,48.59375_-120.40625,0.028212786
12447387,"WOLF CREEK BELOW DIVERSION NEAR WINTHROP, WA",ST,USGS,-120.3078672,48.4832,https://waterdata.usgs.gov/nwis/inventory?agency_code=USGS&site_no=12447387,48.46875,-120.28125,BONNE,48.46875_-120.28125,0.030286595
12447390,"ANDREWS CREEK NEAR MAZAMA, WA",ST,USGS,-120.1459245,48.8229245,https://waterdata.usgs.gov/nwis/inventory?agency_code=USGS&site_no=12447390,48.84375,-120.15625,DALLE,48.84375_-120.15625,0.023244728
12447600,"CHEWUCH RIVER ABOVE CUB CREEK NEAR WINTHROP, WA",ST,USGS,-120.177586,48.5645898,https://waterdata.usgs.gov/nwis/inventory?agency_code=USGS&site_no=12447600,48.59375,-120.15625,ROCKY,48.59375_-120.15625,0.036132287
12448000,"CHEWUCH RIVER AT WINTHROP, WA",ST,USGS,-120.1864734,48.4770898,https://waterdata.usgs.gov/nwis/inventory?agency_code=USGS&site_no=12448000,48.46875,-120.15625,BONNE,48.46875_-120.15625,0.031352929
12448500,"METHOW RIVER AT WINTHROP, WA",ST,USGS,-120.1773063,48.4734787,https://waterdata.usgs.gov/nwis/inventory?agency_code=USGS&site_no=12448500,48.46875,-120.15625,BONNE,48.46875_-120.15625,0.021580741
12448620,"METHOW RIVER MVID EAST DIVERSION NEAR WINTHROP, WA",ST,USGS,-120.1411932,48.41875628,https://waterdata.usgs.gov/nwis/inventory?agency_code=USGS&site_no=12448620,48.40625,-120.15625,BONNE,48.40625_-120.15625,0.019573305
12448990,"TWISP RIVER ABOVE NEWBY CREEK NEAR TWISP, WA",ST,USGS,-120.2617534,48.38069986,https://waterdata.usgs.gov/nwis/inventory?agency_code=USGS&site_no=12448990,48.40625,-120.28125,MCNAR,48.40625_-120.28125,0.032139183
12448992,"TWISP RIVER TVPI DIVERSION NEAR TWISP, WA",ST,USGS,-120.2431415,48.38042227,https://waterdata.usgs.gov/nwis/inventory?agency_code=USGS&site_no=12448992,48.40625,-120.21875,RISLA,48.40625_-120.21875,0.035524877
12448996,"TWISP RIVER MVID WEST DIVERSION NEAR TWISP, WA",ST,USGS,-120.1931393,48.36986689,https://waterdata.usgs.gov/nwis/inventory?agency_code=USGS&site_no=12448996,48.34375,-120.21875,ROCKY,48.34375_-120.21875,0.036578681
12448998,"TWISP RIVER NEAR TWISP, WA",ST,USGS,-120.148693,48.3698671,https://waterdata.usgs.gov/nwis/inventory?agency_code=USGS&site_no=12448998,48.34375,-120.15625,METPA,48.34375_-120.15625,0.027188438
12449500,"METHOW RIVER AT TWISP, WA",ST,USGS,-120.1161917,48.36514507,https://waterdata.usgs.gov/nwis/inventory?agency_code=USGS&site_no=12449500,48.34375,-120.09375,MCNAR,48.34375_-120.09375,0.031006111
12449600,"BEAVER CREEK BELOW SOUTH FORK NEAR TWISP, WA",ST,USGS,-120.0250776,48.4332011,https://waterdata.usgs.gov/nwis/inventory?agency_code=USGS&site_no=12449600,48.40625,-120.03125,METPA,48.40625_-120.03125,0.027648875
12449700,"BEAVER CREEK NEAR TWISP, WA",ST,USGS,-120.0400778,48.39708996,https://waterdata.usgs.gov/nwis/inventory?agency_code=USGS&site_no=12449700,48.40625,-120.03125,WANAP,48.40625_-120.03125,0.012721493
12449710,"BEAVER CREEK NEAR MOUTH NEAR TWISP, WA",ST,USGS,-120.0592445,48.32847868,https://waterdata.usgs.gov/nwis/inventory?agency_code=USGS&site_no=12449710,48.34375,-120.03125,JDAYY,48.34375_-120.03125,0.031888952
12449760,"METHOW RIVER AT CARLTON, WA",ST,USGS,-120.1131347,48.2362554,https://waterdata.usgs.gov/nwis/inventory?agency_code=USGS&site_no=12449760,48.21875,-120.09375,ROCKY,48.21875_-120.09375,0.026119066
12449950,"METHOW RIVER NEAR PATEROS, WA",ST,USGS,-119.9850723,48.0773639,https://waterdata.usgs.gov/nwis/inventory?agency_code=USGS&site_no=12449950,48.09375,-119.96875,MCNAR,48.09375_-119.96875,0.023128375
12450500,"METHOW RIVER AT PATEROS, WA",ST,USGS,-119.91229,48.04708647,https://waterdata.usgs.gov/nwis/inventory?agency_code=USGS&site_no=12450500,48.03125,-119.90625,PRIRA,48.03125_-119.90625,0.0169492
12453700,"COLUMBIA RIVER AT ROCKY REACH DAM, WA",ST,USGS,-120.3022969,47.5242934,https://waterdata.usgs.gov/nwis/inventory?agency_code=USGS&site_no=12453700,47.53125,-120.34375,DALLE,47.53125_-120.34375,0.04203277
12454000,"WHITE RIVER NEAR PLAIN, WA",ST,USGS,-120.8703752,47.874008,https://waterdata.usgs.gov/nwis/inventory?agency_code=USGS&site_no=12454000,47.84375,-120.84375,WENPE,47.84375_-120.84375,0.040304439
12455000,"WENATCHEE RIVER BELOW WENATCHEE LAKE, WA",ST,USGS,-120.7234278,47.80817738,https://waterdata.usgs.gov/nwis/inventory?agency_code=USGS&site_no=12455000,47.78125,-120.71875,DALLE,47.78125_-120.71875,0.027330672
12456000,"PHELPS CREEK NEAR PLAIN, WA",ST,USGS,-120.8498215,48.0734583,https://waterdata.usgs.gov/nwis/inventory?agency_code=USGS&site_no=12456000,48.09375,-120.84375,PRIRA,48.09375_-120.84375,0.021180562
12456500,"CHIWAWA RIVER NEAR PLAIN, WA",ST,USGS,-120.6623161,47.8373461,https://waterdata.usgs.gov/nwis/inventory?agency_code=USGS&site_no=12456500,47.84375,-120.65625,MCNAR,47.84375_-120.65625,0.008820856
12457000,"WENATCHEE RIVER AT PLAIN, WA",ST,USGS,-120.6662039,47.7628995,https://waterdata.usgs.gov/nwis/inventory?agency_code=USGS&site_no=12457000,47.78125,-120.65625,PRIRA,47.78125_-120.65625,0.020876326
12458000,"ICICLE CREEK ABOVE SNOW CREEK NEAR LEAVENWORTH, WA",ST,USGS,-120.7200872,47.5409539,https://waterdata.usgs.gov/nwis/inventory?agency_code=USGS&site_no=12458000,47.53125,-120.71875,RISLA,47.53125_-120.71875,0.0097956
12458500,"ICICLE CREEK NEAR LEAVENWORTH, WA",ST,USGS,-120.6678643,47.5581769,https://waterdata.usgs.gov/nwis/inventory?agency_code=USGS&site_no=12458500,47.53125,-120.65625,RISLA,47.53125_-120.65625,0.029324903
12459000,"WENATCHEE RIVER AT PESHASTIN, WA",ST,USGS,-120.6195306,47.5831777,https://waterdata.usgs.gov/nwis/inventory?agency_code=USGS&site_no=12459000,47.59375,-120.59375,DALLE,47.59375_-120.59375,0.027864186
12460500,"WENATCHEE VALLEY CANAL AT DRYDEN, WA",ST,USGS,-120.55675,47.5442897,https://waterdata.usgs.gov/nwis/inventory?agency_code=USGS&site_no=12460500,47.53125,-120.53125,DALLE,47.53125_-120.53125,0.028640597
12461000,"WENATCHEE RIVER AT DRYDEN, WA",ST,USGS,-120.5623057,47.54428965,https://waterdata.usgs.gov/nwis/inventory?agency_code=USGS&site_no=12461000,47.53125,-120.53125,DALLE,47.53125_-120.53125,0.033682176
12461400,"MISSION CREEK ABOVE SAND CREEK NEAR CASHMERE, WA",ST,USGS,-120.506745,47.4298462,https://waterdata.usgs.gov/nwis/inventory?agency_code=USGS&site_no=12461400,47.40625,-120.53125,BONNE,47.40625_-120.53125,0.034018755
12461500,"SAND CREEK NEAR CASHMERE, WA",ST,USGS,-120.5081339,47.42984618,https://waterdata.usgs.gov/nwis/inventory?agency_code=USGS&site_no=12461500,47.40625,-120.53125,BONNE,47.40625_-120.53125,0.033032314
12462000,"MISSION CREEK AT CASHMERE, WA",ST,USGS,-120.4761913,47.51651307,https://waterdata.usgs.gov/nwis/inventory?agency_code=USGS&site_no=12462000,47.53125,-120.46875,PRIRA,47.53125_-120.46875,0.01650909
12462500,"WENATCHEE RIVER AT MONITOR, WA",ST,USGS,-120.4245223,47.49929148,https://waterdata.usgs.gov/nwis/inventory?agency_code=USGS&site_no=12462500,47.46875,-120.40625,BONNE,47.46875_-120.40625,0.035590152
12474500,"YAKIMA RIVER NEAR MARTIN, WA",ST,USGS,-121.3362047,47.32122417,https://waterdata.usgs.gov/nwis/inventory?agency_code=USGS&site_no=12474500,47.34375,-121.34375,YACLE,47.34375_-121.34375,0.023755938
12475000,"CABIN CREEK NEAR EASTON, WA",ST,USGS,-121.2289803,47.2415036,https://waterdata.usgs.gov/nwis/inventory?agency_code=USGS&site_no=12475000,47.21875,-121.21875,YACLE,47.21875_-121.21875,0.024947652
12476000,"KACHESS RIVER NEAR EASTON, WA",ST,USGS,-121.2034242,47.2612262,https://waterdata.usgs.gov/nwis/inventory?agency_code=USGS&site_no=12476000,47.28125,-121.21875,JDAYY,47.28125_-121.21875,0.025215724
12477000,"YAKIMA RIVER AT EASTON, WA",ST,USGS,-121.1789787,47.2387267,https://waterdata.usgs.gov/nwis/inventory?agency_code=USGS&site_no=12477000,47.21875,-121.15625,YAEUC,47.21875_-121.15625,0.030259913
12479000,"CLE ELUM RIVER NEAR ROSLYN, WA",ST,USGS,-121.0678642,47.24456209,https://waterdata.usgs.gov/nwis/inventory?agency_code=USGS&site_no=12479000,47.21875,-121.09375,DALLE,47.21875_-121.09375,0.036555966
12479500,"YAKIMA RIVER AT CLE ELUM, WA",ST,USGS,-120.9470269,47.19123078,https://waterdata.usgs.gov/nwis/inventory?agency_code=USGS&site_no=12479500,47.21875,-120.96875,BONNE,47.21875_-120.96875,0.035059956
12480000,"TEANAWAY RIVER BELOW FORKS NEAR CLE ELUM, WA",ST,USGS,-120.8611926,47.2465092,https://waterdata.usgs.gov/nwis/inventory?agency_code=USGS&site_no=12480000,47.21875,-120.84375,YAKKI,47.21875_-120.84375,0.032784409
12480500,"TEANAWAY RIVER NEAR CLE ELUM, WA",ST,USGS,-120.7845234,47.19567717,https://waterdata.usgs.gov/nwis/inventory?agency_code=USGS&site_no=12480500,47.21875,-120.78125,JDAYY,47.21875_-120.78125,0.023303876
12481000,"SWAUK CREEK NEAR CLE ELUM, WA",ST,USGS,-120.7356328,47.1637336,https://waterdata.usgs.gov/nwis/inventory?agency_code=USGS&site_no=12481000,47.15625,-120.71875,YAKKI,47.15625_-120.71875,0.018467084
12481500,"CASCADE CANAL NEAR ELLENSBURG, WA",ST,USGS,-120.7184092,47.1095676,https://waterdata.usgs.gov/nwis/inventory?agency_code=USGS&site_no=12481500,47.09375,-120.71875,JDAYY,47.09375_-120.71875,0.015821271
12483500,"MANASTASH CREEK NEAR ELLENSBURG, WA",ST,USGS,-120.6956286,46.96651326,https://waterdata.usgs.gov/nwis/inventory?agency_code=USGS&site_no=12483500,46.96875,-120.71875,BONNE,46.96875_-120.71875,0.023229338
12483600,"WILSON CREEK NEAR ELLENSBURG, WA",ST,USGS,-120.494237,47.1262365,https://waterdata.usgs.gov/nwis/inventory?agency_code=USGS&site_no=12483600,47.15625,-120.46875,JDAYY,47.15625_-120.46875,0.039375085
12483800,"NANEUM CREEK NEAR ELLENSBURG, WA",ST,USGS,-120.4809032,47.1267922,https://waterdata.usgs.gov/nwis/inventory?agency_code=USGS&site_no=12483800,47.15625,-120.46875,JDAYY,47.15625_-120.46875,0.031866318
12484480,"CHERRY CREEK AT THRALL, WA",ST,USGS,-120.4986791,46.9259594,https://waterdata.usgs.gov/nwis/inventory?agency_code=USGS&site_no=12484480,46.90625,-120.46875,MCNAR,46.90625_-120.46875,0.035835896
12484500,"YAKIMA RIVER AT UMTANUM, WA",ST,USGS,-120.480067,46.8626264,https://waterdata.usgs.gov/nwis/inventory?agency_code=USGS&site_no=12484500,46.84375,-120.46875,DALLE,46.84375_-120.46875,0.022008929
12485012,"ROZA CANAL BL SULPHUR CREEK WSTWY NR SUNNYSIDE, WA",ST,USGS,-119.9586526,46.372076,https://waterdata.usgs.gov/nwis/inventory?agency_code=USGS&site_no=12485012,46.34375,-119.96875,DALLE,46.34375_-119.96875,0.03007191
12485500,"SELAH-MOXEE CANAL NEAR SELAH, WA",ST,USGS,-120.4875659,46.6892934,https://waterdata.usgs.gov/nwis/inventory?agency_code=USGS&site_no=12485500,46.71875,-120.46875,DALLE,46.71875_-120.46875,0.034953246
12486500,"TAYLOR DITCH NEAR SELAH, WA",ST,USGS,-120.4956216,46.6795711,https://waterdata.usgs.gov/nwis/inventory?agency_code=USGS&site_no=12486500,46.65625,-120.46875,YAPAR,46.65625_-120.46875,0.035580284
12487000,"YAKIMA RIVER AT SELAH GAP NEAR NORTH YAKIMA, WA",ST,USGS,-120.5203439,46.63095987,https://waterdata.usgs.gov/nwis/inventory?agency_code=USGS&site_no=12487000,46.65625,-120.53125,JDAYY,46.65625_-120.53125,0.02754149
12488000,"BUMPING RIVER NEAR NILE, WA",ST,USGS,-121.292586,46.87261385,https://waterdata.usgs.gov/nwis/inventory?agency_code=USGS&site_no=12488000,46.84375,-121.28125,NACCL,46.84375_-121.28125,0.031010107
12488500,"AMERICAN RIVER NEAR NILE, WA",ST,USGS,-121.168696,46.97761606,https://waterdata.usgs.gov/nwis/inventory?agency_code=USGS&site_no=12488500,46.96875,-121.15625,NACTI,46.96875_-121.15625,0.015281032
12489000,"NACHES RIVER AT ANDERSON RANCH NEAR NILE, WA",ST,USGS,-121.0511923,46.9165073,https://waterdata.usgs.gov/nwis/inventory?agency_code=USGS&site_no=12489000,46.90625,-121.03125,YAPAR,46.90625_-121.03125,0.0224256
12489500,"NACHES RIVER AT OAK FLAT NEAR NILE, WA",ST,USGS,-120.82063,46.75262277,https://waterdata.usgs.gov/nwis/inventory?agency_code=USGS&site_no=12489500,46.78125,-120.84375,YAKKI,46.78125_-120.84375,0.036797455
12491500,"TIETON RIVER AT TIETON DAM NEAR NACHES, WA",ST,USGS,-121.1248017,46.66261758,https://waterdata.usgs.gov/nwis/inventory?agency_code=USGS&site_no=12491500,46.65625,-121.09375,YAEUC,46.65625_-121.09375,0.031697857
12492500,"TIETON RIVER AT CANAL HEADWORKS NEAR NACHES, WA",ST,USGS,-121.0039662,46.67095305,https://waterdata.usgs.gov/nwis/inventory?agency_code=USGS&site_no=12492500,46.65625,-121.03125,BONNE,46.65625_-121.03125,0.030993313
12494000,"NACHES RIVER BELOW TIETON RIVER NEAR NACHES, WA",ST,USGS,-120.76924,46.7454015,https://waterdata.usgs.gov/nwis/inventory?agency_code=USGS&site_no=12494000,46.71875,-120.78125,MCNAR,46.71875_-120.78125,0.02923256
12499000,"NACHES RIVER NEAR NORTH YAKIMA, WA",ST,USGS,-120.5206216,46.6281821,https://waterdata.usgs.gov/nwis/inventory?agency_code=USGS&site_no=12499000,46.65625,-120.53125,JDAYY,46.65625_-120.53125,0.030012829
12500420,"MOXEE DRAIN AT BIRCHFIELD ROAD NEAR UNION GAP, WA",ST,USGS,-120.4381179,46.5459606,https://waterdata.usgs.gov/nwis/inventory?agency_code=USGS&site_no=12500420,46.53125,-120.46875,YAEUC,46.53125_-120.46875,0.033981279
12500450,"YAKIMA RIVER ABOVE AHTANUM CREEK AT UNION GAP, WA",ST,USGS,-120.4672855,46.53429376,https://waterdata.usgs.gov/nwis/inventory?agency_code=USGS&site_no=12500450,46.53125,-120.46875,YAEUC,46.53125_-120.46875,0.003377756
12500500,"NORTH FORK AHTANUM CREEK NEAR TAMPICO, WA",ST,USGS,-120.9170188,46.56428845,https://waterdata.usgs.gov/nwis/inventory?agency_code=USGS&site_no=12500500,46.59375,-120.90625,MCNAR,46.59375_-120.90625,0.031367977
12501000,"SF AHTANUM CREEK AT CONRAD RANCH NR TAMPICO, WA",ST,USGS,-120.9164626,46.51095537,https://waterdata.usgs.gov/nwis/inventory?agency_code=USGS&site_no=12501000,46.53125,-120.90625,DALLE,46.53125_-120.90625,0.022719358
12501500,"SOUTH FORK AHTANUM CREEK NEAR TAMPICO, WA",ST,USGS,-120.8900734,46.5192891,https://waterdata.usgs.gov/nwis/inventory?agency_code=USGS&site_no=12501500,46.53125,-120.90625,YAEUC,46.53125_-120.90625,0.020118288
12502000,"AHTANUM CREEK AT THE NARROWS NEAR TAMPICO, WA",ST,USGS,-120.801183,46.52762395,https://waterdata.usgs.gov/nwis/inventory?agency_code=USGS&site_no=12502000,46.53125,-120.78125,DALLE,46.53125_-120.78125,0.020260127
12502500,"AHTANUM CREEK AT UNION GAP, WA",ST,USGS,-120.4733968,46.53596038,https://waterdata.usgs.gov/nwis/inventory?agency_code=USGS&site_no=12502500,46.53125,-120.46875,YAEUC,46.53125_-120.46875,0.006616678
12503000,"YAKIMA RIVER AT UNION GAP NEAR YAKIMA, WA",ST,USGS,-120.4706189,46.53040485,https://waterdata.usgs.gov/nwis/inventory?agency_code=USGS&site_no=12503000,46.53125,-120.46875,YAKKI,46.53125_-120.46875,0.002051113
12503500,"MAIN CANAL NEAR PARKER, WA",ST,USGS,-120.4795079,46.5204048,https://waterdata.usgs.gov/nwis/inventory?agency_code=USGS&site_no=12503500,46.53125,-120.46875,YAKKI,46.53125_-120.46875,0.015275823
12504000,"OLD RESERVATION CANAL NEAR PARKER, WA",ST,USGS,-120.4517289,46.4970717,https://waterdata.usgs.gov/nwis/inventory?agency_code=USGS&site_no=12504000,46.46875,-120.46875,MCNAR,46.46875_-120.46875,0.03304295
12504500,"SUNNYSIDE CANAL NEAR PARKER, WA",ST,USGS,-120.4339505,46.4951274,https://waterdata.usgs.gov/nwis/inventory?agency_code=USGS&site_no=12504500,46.46875,-120.40625,YAKKI,46.46875_-120.40625,0.038250293
12504512,"SUNNYSIDE CANAL BL SULPHUR WSTWY NR SUNNYSIDE, WA",ST,USGS,-119.973375,46.34652036,https://waterdata.usgs.gov/nwis/inventory?agency_code=USGS&site_no=12504512,46.34375,-119.96875,YAKKI,46.34375_-119.96875,0.005391245
12505000,"YAKIMA RIVER NEAR PARKER, WA",ST,USGS,-120.4428397,46.4970718,https://waterdata.usgs.gov/nwis/inventory?agency_code=USGS&site_no=12505000,46.46875,-120.46875,DALLE,46.46875_-120.46875,0.038385779
12505450,"GRANGER DRAIN AT GRANGER, WA",ST,USGS,-120.186995,46.34346299,https://waterdata.usgs.gov/nwis/inventory?agency_code=USGS&site_no=12505450,46.34375,-120.15625,YAEUC,46.34375_-120.15625,0.03074634
12505500,"MARION DRAIN NEAR GRANGER, WA",ST,USGS,-120.2250518,46.32040715,https://waterdata.usgs.gov/nwis/inventory?agency_code=USGS&site_no=12505500,46.34375,-120.21875,MCNAR,46.34375_-120.21875,0.02417853
12506000,"TOPPENISH CREEK NEAR FORT SIMCOE, WA",ST,USGS,-120.788125,46.3109589,https://waterdata.usgs.gov/nwis/inventory?agency_code=USGS&site_no=12506000,46.28125,-120.78125,DALLE,46.28125_-120.78125,0.030494005
12506500,"SIMCOE CREEK BELOW SPRING CREEK NR FORT SIMCOE, WA",ST,USGS,-120.809515,46.3942913,https://waterdata.usgs.gov/nwis/inventory?agency_code=USGS&site_no=12506500,46.40625,-120.78125,YAEUC,46.40625_-120.78125,0.030690727
12507950,"LOGY CREEK NEAR TOPPENISH, WA",ST,USGS,-120.4825589,46.2098503,https://waterdata.usgs.gov/nwis/inventory?agency_code=USGS&site_no=12507950,46.21875,-120.46875,BONNE,46.21875_-120.46875,0.016428341
12508000,"SATUS CREEK NEAR TOPPENISH, WA",ST,USGS,-120.4122791,46.2387396,https://waterdata.usgs.gov/nwis/inventory?agency_code=USGS&site_no=12508000,46.21875,-120.40625,YAEUC,46.21875_-120.40625,0.020879036
12508480,"DRY CREEK NEAR TOPPENISH, WA",ST,USGS,-120.4078639,46.2536861,https://waterdata.usgs.gov/nwis/inventory?agency_code=USGS&site_no=12508480,46.28125,-120.40625,YAEUC,46.28125_-120.40625,0.027611107
12508500,"SATUS CREEK BELOW DRY CREEK NEAR TOPPENISH, WA",ST,USGS,-120.3789449,46.2498509,https://waterdata.usgs.gov/nwis/inventory?agency_code=USGS&site_no=12508500,46.21875,-120.40625,JDAYY,46.21875_-120.40625,0.041386404
12508755,"DRAIN 610 (DAILY SEDIMENT) NEAR SUNNYSIDE, WA",ST,USGS,-119.9422628,46.34679839,https://waterdata.usgs.gov/nwis/inventory?agency_code=USGS&site_no=12508755,46.34375,-119.96875,DALLE,46.34375_-119.96875,0.026662041
12508769,"DRAIN 607 NEAR SUNNYSIDE, WA",ST,USGS,-119.952541,46.3481872,https://waterdata.usgs.gov/nwis/inventory?agency_code=USGS&site_no=12508769,46.34375,-119.96875,DALLE,46.34375_-119.96875,0.016805369
12508775,"DRAIN 596 BELOW DR 602 NEAR SUNNYSIDE, WA",ST,USGS,-119.9505965,46.35263166,https://waterdata.usgs.gov/nwis/inventory?agency_code=USGS&site_no=12508775,46.34375,-119.96875,DALLE,46.34375_-119.96875,0.020209736
12508779,"DRAIN 594 (DAILY SEDIMENT) NEAR SUNNYSIDE, WA",ST,USGS,-119.9517077,46.35235387,https://waterdata.usgs.gov/nwis/inventory?agency_code=USGS&site_no=12508779,46.34375,-119.96875,DALLE,46.34375_-119.96875,0.019091008
12508790,"DID 18 DRAIN AT SUNNYSIDE, WA",ST,USGS,-119.978375,46.32457587,https://waterdata.usgs.gov/nwis/inventory?agency_code=USGS&site_no=12508790,46.34375,-119.96875,MCNAR,46.34375_-119.96875,0.021454321
12508820,"BLACK CANYON CREEK AT WANETA RD NEAR SUNNYSIDE, WA",ST,USGS,-119.9823556,46.28783056,https://waterdata.usgs.gov/nwis/inventory?agency_code=USGS&site_no=12508820,46.28125,-119.96875,YAKKI,46.28125_-119.96875,0.015113442
12508830,"DID 9 DRAIN NEAR SUNNYSIDE, WA",ST,USGS,-119.9992086,46.2831868,https://waterdata.usgs.gov/nwis/inventory?agency_code=USGS&site_no=12508830,46.28125,-119.96875,YAKKI,46.28125_-119.96875,0.030520116
12508840,"DID 3 DRAIN NEAR SUNNYSIDE, WA",ST,USGS,-120.0094867,46.28263117,https://waterdata.usgs.gov/nwis/inventory?agency_code=USGS&site_no=12508840,46.28125,-120.03125,YAKKI,46.28125_-120.03125,0.021807083
12508850,"SULPHUR CREEK WASTEWAY NEAR SUNNYSIDE, WA",ST,USGS,-120.0197646,46.25068665,https://waterdata.usgs.gov/nwis/inventory?agency_code=USGS&site_no=12508850,46.28125,-120.03125,BONNE,46.28125_-120.03125,0.032650157
12508990,"YAKIMA RIVER AT MABTON, WA",ST,USGS,-119.9994858,46.23124238,https://waterdata.usgs.gov/nwis/inventory?agency_code=USGS&site_no=12508990,46.21875,-119.96875,YAKKI,46.21875_-119.96875,0.033177537
12509050,"YAKIMA RIVER AT EUCLID BR NR GRANDVIEW, WA",ST,USGS,-119.9178163,46.21679857,https://waterdata.usgs.gov/nwis/inventory?agency_code=USGS&site_no=12509050,46.21875,-119.90625,DALLE,46.21875_-119.90625,0.011729764
12509500,"YAKIMA RIVER NEAR PROSSER, WA",ST,USGS,-119.7511439,46.21652206,https://waterdata.usgs.gov/nwis/inventory?agency_code=USGS&site_no=12509500,46.21875,-119.78125,DALLE,46.21875_-119.78125,0.030188425
12509600,"KID CANAL NEAR CHANDLER, WA",ST,USGS,-119.579194,46.2601338,https://waterdata.usgs.gov/nwis/inventory?agency_code=USGS&site_no=12509600,46.28125,-119.59375,BONNE,46.28125_-119.59375,0.025647047
12509612,"KID BADGER WEST LATERAL AT HEAD NEAR KIONA, WA",ST,USGS,-119.3616866,46.2126343,https://waterdata.usgs.gov/nwis/inventory?agency_code=USGS&site_no=12509612,46.21875,-119.34375,MCNAR,46.21875_-119.34375,0.018950552
12509614,"KID BADGER EAST LATERAL AT HEAD NEAR KIONA, WA",ST,USGS,-119.361131,46.21207876,https://waterdata.usgs.gov/nwis/inventory?agency_code=USGS&site_no=12509614,46.21875,-119.34375,MCNAR,46.21875_-119.34375,0.01861732
12509620,"KID CANAL AT BADGER CANYON RD NEAR KIONA, WA",ST,USGS,-119.3658533,46.1984675,https://waterdata.usgs.gov/nwis/inventory?agency_code=USGS&site_no=12509620,46.21875,-119.34375,MCNAR,46.21875_-119.34375,0.029998928
12509640,"AMON WASTEWAY BELOW KID PUMP NEAR KENNEWICK, WA",ST,USGS,-119.2377935,46.1918011,https://waterdata.usgs.gov/nwis/inventory?agency_code=USGS&site_no=12509640,46.21875,-119.28125,BONNE,46.21875_-119.28125,0.051134241
12509698,"SPRING CREEK AT MCCREADIE RD NEAR PROSSER, WA",ST,USGS,-119.7114207,46.25735555,https://waterdata.usgs.gov/nwis/inventory?agency_code=USGS&site_no=12509698,46.28125,-119.71875,YAKKI,46.28125_-119.71875,0.024993267
12510500,"YAKIMA RIVER AT KIONA, WA",ST,USGS,-119.4780794,46.25346748,https://waterdata.usgs.gov/nwis/inventory?agency_code=USGS&site_no=12510500,46.28125,-119.46875,BONNE,46.28125_-119.46875,0.0293071
12510618,"COLD CREEK AT COUNTY LINE NR PRIEST RAPIDS DAM, WA",ST,USGS,-119.8753192,46.58596577,https://waterdata.usgs.gov/nwis/inventory?agency_code=USGS&site_no=12510618,46.59375,-119.90625,JDAYY,46.59375_-119.90625,0.031895276
12510625,"COLD CREEK AT HIGHWAY 24 NR PRIEST RAPIDS DAM, WA",ST,USGS,-119.7892044,46.57041108,https://waterdata.usgs.gov/nwis/inventory?agency_code=USGS&site_no=12510625,46.59375,-119.78125,BONNE,46.59375_-119.78125,0.024657203
12510650,"DRY CREEK AT HIGHWAY 241 NR PRIEST RAPIDS DAM, WA",ST,USGS,-119.8744847,46.52457686,https://waterdata.usgs.gov/nwis/inventory?agency_code=USGS&site_no=12510650,46.53125,-119.84375,BONNE,46.53125_-119.84375,0.031450796
12510655,"DRY CR NR RATTLESNAKE SP NR PRIEST RAPIDS DAM, WA",ST,USGS,-119.6992002,46.5076338,https://waterdata.usgs.gov/nwis/inventory?agency_code=USGS&site_no=12510655,46.53125,-119.71875,BONNE,46.53125_-119.71875,0.030658108
12511000,"CID CANAL AT HORN RAPIDS DAM NR WEST RICHLAND, WA",ST,USGS,-119.4183558,46.3781905,https://waterdata.usgs.gov/nwis/inventory?agency_code=USGS&site_no=12511000,46.40625,-119.40625,DALLE,46.40625_-119.40625,0.030559547
12512000,"YAKIMA RIVER NEAR RICHLAND, WA",ST,USGS,-119.2594614,46.25263499,https://waterdata.usgs.gov/nwis/inventory?agency_code=USGS&site_no=12512000,46.21875,-119.28125,BONNE,46.21875_-119.28125,0.040285675
12512150,"AMON WASTEWAY NEAR MOUTH NEAR RICHLAND, WA",ST,USGS,-119.258628,46.2406904,https://waterdata.usgs.gov/nwis/inventory?agency_code=USGS&site_no=12512150,46.21875,-119.28125,BONNE,46.21875_-119.28125,0.031514061
14013000,"MILL CREEK NEAR WALLA WALLA, WA",ST,USGS,-118.1185595,46.00791557,https://waterdata.usgs.gov/nwis/inventory?agency_code=USGS&site_no=14013000,46.03125,-118.09375,MCNAR,46.03125_-118.09375,0.034058874
14013500,"BLUE CREEK NEAR WALLA WALLA, WA",ST,USGS,-118.140228,46.05763797,https://waterdata.usgs.gov/nwis/inventory?agency_code=USGS&site_no=14013500,46.03125,-118.15625,DALLE,46.03125_-118.15625,0.030871175
14013600,"MILL CREEK BELOW BLUE CREEK NEAR WALLA WALLA, WA",ST,USGS,-118.1913436,46.0818045,https://waterdata.usgs.gov/nwis/inventory?agency_code=USGS&site_no=14013600,46.09375,-118.21875,WALST,46.09375_-118.21875,0.029896584
14013700,"MILL CREEK AT FIVE MILE RD BR NR WALLA WALLA, WA",ST,USGS,-118.2282912,46.0856932,https://waterdata.usgs.gov/nwis/inventory?agency_code=USGS&site_no=14013700,46.09375,-118.21875,WALST,46.09375_-118.21875,0.012487855
14014000,"YELLOWHAWK CREEK AT WALLA WALLA, WA",ST,USGS,-118.2830172,46.0720815,https://waterdata.usgs.gov/nwis/inventory?agency_code=USGS&site_no=14014000,46.09375,-118.28125,MCNAR,46.09375_-118.28125,0.021740444
14014500,"GARRISON CREEK AT WALLA WALLA, WA",ST,USGS,-118.2871842,46.0734704,https://waterdata.usgs.gov/nwis/inventory?agency_code=USGS&site_no=14014500,46.09375,-118.28125,MCNAR,46.09375_-118.28125,0.02113
14015000,"MILL CREEK AT WALLA WALLA, WA",ST,USGS,-118.2735722,46.0762483,https://waterdata.usgs.gov/nwis/inventory?agency_code=USGS&site_no=14015000,46.09375,-118.28125,MCNAR,46.09375_-118.28125,0.019111727
14016000,"DRY CREEK NEAR WALLA WALLA, WA",ST,USGS,-118.2371813,46.1220825,https://waterdata.usgs.gov/nwis/inventory?agency_code=USGS&site_no=14016000,46.09375,-118.21875,DALLE,46.09375_-118.21875,0.03380005
14016500,"EAST FK TOUCHET RIVER NEAR DAYTON, WA",ST,USGS,-117.9024295,46.27903098,https://waterdata.usgs.gov/nwis/inventory?agency_code=USGS&site_no=14016500,46.28125,-117.90625,MCNAR,46.28125_-117.90625,0.004418175
14016610,"EF TOUCHET RIVER BL HATLEY CREEK NEAR DAYTON, WA",ST,USGS,-117.9082629,46.2648639,https://waterdata.usgs.gov/nwis/inventory?agency_code=USGS&site_no=14016610,46.28125,-117.90625,MCNAR,46.28125_-117.90625,0.016509271
14017000,"TOUCHET RIVER AT BOLLES, WA",ST,USGS,-118.2219042,46.2743065,https://waterdata.usgs.gov/nwis/inventory?agency_code=USGS&site_no=14017000,46.28125,-118.21875,DALLE,46.28125_-118.21875,0.007626347
14017500,"TOUCHET RIVER NEAR TOUCHET, WA",ST,USGS,-118.6510969,46.12346868,https://waterdata.usgs.gov/nwis/inventory?agency_code=USGS&site_no=14017500,46.09375,-118.65625,DALLE,46.09375_-118.65625,0.030162135
14018500,"WALLA WALLA RIVER NEAR TOUCHET, WA",ST,USGS,-118.7297112,46.0276341,https://waterdata.usgs.gov/nwis/inventory?agency_code=USGS&site_no=14018500,46.03125,-118.71875,BONNE,46.03125_-118.71875,0.011542211
-2147483648,"DR 2 AT YAKIMA VALLEY HIGHWAY NEAR GRANGER, WA",ST,USGS,-120.1321426,46.33947179,https://waterdata.usgs.gov/nwis/inventory?agency_code=USGS&site_no=462023120075200,46.34375,-120.15625,YAEUC,46.34375_-120.15625,0.024484073
32A100,Walla Walla R.  E. Detour Rd.,DE,DE,-118.49075,46.043083,https://apps.ecology.wa.gov/continuousflowandwq/StationDetails?sta=32A100,46.03125,-118.46875,JDAYY,46.03125_-118.46875,0.02498039
32B100,Touchet R. at Bolles,DE,DE,-118.22115,46.274276,https://apps.ecology.wa.gov/continuousflowandwq/StationDetails?sta=32B100,46.28125,-118.21875,DALLE,46.28125_-118.21875,0.00737541
3.20E+51,N.F. Touchet R. abv Dayton,DE,DE,-117.95306,46.29762,https://apps.ecology.wa.gov/continuousflowandwq/StationDetails?sta=32E050,46.28125,-117.96875,MCNAR,46.28125_-117.96875,0.022674942
