crop,2023 Price,Mean_price_2020_2023,Mean_Price_of_all_time_1979_2023,Commodity,Data.Item,Reference,,
Barley_Spring,8.07,6.405227273,2.922405063,BARLEY,"BARLEY - PRICE RECEIVED, MEASURED IN $ / BU","For all the crops taken mean from 1979-2023, except falxseed, onion, and Sweet corn",,
Canola,31.5,28.03333333,21.375,CANOLA,"CANOLA - PRICE RECEIVED, MEASURED IN $ / CWT",,,
Corn_grain,6.55,5.853333333,3.749803922,CORN,"CORN, GRAIN - PRICE RECEIVED, MEASURED IN $ / BU",,,
Grass_Hay,280,247.9807692,139.2225177,HAY,"HAY, (EXCL ALFALFA) - PRICE RECEIVED, MEASURED IN $ / TON",,,
Alfalfa_Hay,325,255.0961538,126.0886525,HAY,"HAY, ALFALFA - PRICE RECEIVED, MEASURED IN $ / TON",,,
Oats,2.18,2.18,1.92225,OATS,"OATS - PRICE RECEIVED, MEASURED IN $ / BU",,,
Winter_wheat,7.7,7.500384615,4.606777003,WHEAT,"WHEAT, WINTER - PRICE RECEIVED, MEASURED IN $ / BU",,,
Spring_wheat,7.72,7.548269231,4.606777003,WHEAT,"WHEAT - PRICE RECEIVED, MEASURED IN $ / BU",,,
Timothy,280,247.9807692,139.2225177,HAY,"HAY, (EXCL ALFALFA) - PRICE RECEIVED, MEASURED IN $ / TON",Other hay,,
Oats_hay,280,247.9807692,139.2225177,HAY,"HAY, (EXCL ALFALFA) - PRICE RECEIVED, MEASURED IN $ / TON",Other hay,,
Barley_Hay,280,247.9807692,139.2225177,HAY,"HAY, (EXCL ALFALFA) - PRICE RECEIVED, MEASURED IN $ / TON",Other hay,,
Yellow_Mustard,31.5,28.03333333,21.375,CANOLA,"CANOLA - PRICE RECEIVED, MEASURED IN $ / CWT",Canola,,
Alfalfa_Seed,,318.8701923,4.041555556,,"FLAXSEED - PRICE RECEIVED, MEASURED IN $ / BU",Alfalfa_hay price multiplied by 1.25,,"https://www.seedranch.com/Alfalfa-Food-Plot-Seed-50-Lbs-p/alfalfa-food-plot-seeds-50.htm#:~:text=Our%20Price%3A%20%24249.95&text=It%20produces%20quality%20hay%20and,%2C%201%2F4%20inch%20deep."
Sweet_Corn,7.84,34.2,5.882857143,SWEET CORN,"SWEET CORN - PRICE RECEIVED, MEASURED IN $ / CWT","Actually it was $6.35, Sweet_corn price has been replaced with 2019-2022 mean(34.2,51.3,35.07,45.46)=34.2, this data got from USDA Washington Outlook , recommemnded by Dr. Mike (pdf in my onedrive)",,
Sudangrass,280,247.9807692,139.2225177,HAY,"HAY, (EXCL ALFALFA) - PRICE RECEIVED, MEASURED IN $ / TON",Other hay,,
Triticale_Hay,280,247.9807692,139.2225177,HAY,"HAY, (EXCL ALFALFA) - PRICE RECEIVED, MEASURED IN $ / TON",Other hay,,
Triticale,7.7,7.446829268,4.544337979,WHEAT,"WHEAT, WINTER - PRICE RECEIVED, MEASURED IN $ / BU",ACT_WINTER_WHEAT_FROM_Price_m,,
Rye,280,239.3902439,139.2225177,HAY,"HAY, (EXCL ALFALFA) - PRICE RECEIVED, MEASURED IN $ / TON",,,
Onion,26.2,17.6,14.12625,ONIONS,"ONIONS, DRY - PRICE RECEIVED, MEASURED IN $ / CWT",,,
