Crop_Name,Acres,Irrigation,lat,long,WR_DOC_ID (Dummy),areaacres_huc10(Dummy),HUC10_NAME,Grid_Number,WRIA_ID1 (Dummy),WRIA(HUC10) (Dummy),region,lat_long,CropID,CropAcres,HUC10_Name,Long,Lat,site
Canola,0.06,Center Pivot,45.28125,-121.09375,2100000,146705.66,Fifteenmile Creek,300735,11,Fifteenmile Creek,OR,45.28125N121.09375W,9434,0.060131049,Fifteenmile Creek,121.09375W,45.28125N,45.28125N121.09375W
Alfalfa_Hay,7.059,Center Pivot,45.28125,-121.09375,2100000,146705.66,Fifteenmile Creek,300735,11,Fifteenmile Creek,OR,45.28125N121.09375W,9626,7.059385148,Fifteenmile Creek,121.09375W,45.28125N,45.28125N121.09375W
Grass_Hay,4.45,Flood,45.28125,-121.09375,2100000,146705.66,Fifteenmile Creek,300735,11,Fifteenmile Creek,OR,45.28125N121.09375W,9642,4.449697623,Fifteenmile Creek,121.09375W,45.28125N,45.28125N121.09375W
Alfalfa_Seed,0.481,Center Pivot,45.28125,-121.09375,2100000,146705.66,Fifteenmile Creek,300735,11,Fifteenmile Creek,OR,45.28125N121.09375W,9570,0.481048392,Fifteenmile Creek,121.09375W,45.28125N,45.28125N121.09375W
Onion,0.003,Center Pivot,45.28125,-121.03125,2100000,146705.66,Fifteenmile Creek,300736,11,Fifteenmile Creek,OR,45.28125N121.03125W,9538,0.002783818,Fifteenmile Creek,121.03125W,45.28125N,45.28125N121.03125W
Alfalfa_Hay,0.057,Center Pivot,45.28125,-121.03125,2100000,146705.66,Fifteenmile Creek,300736,11,Fifteenmile Creek,OR,45.28125N121.03125W,9626,0.056604298,Fifteenmile Creek,121.03125W,45.28125N,45.28125N121.03125W
Alfalfa_Hay,0.381,Center Pivot,45.34375,-121.34375,2100000,146705.66,Fifteenmile Creek,301659,11,Fifteenmile Creek,OR,45.34375N121.34375W,9626,0.380591124,Fifteenmile Creek,121.34375W,45.34375N,45.34375N121.34375W
Winter_wheat,0.122,Center Pivot,45.34375,-121.28125,2100000,146705.66,Fifteenmile Creek,301660,11,Fifteenmile Creek,OR,45.34375N121.28125W,9610,0.121536986,Fifteenmile Creek,121.28125W,45.34375N,45.34375N121.28125W
Alfalfa_Hay,1.296,Center Pivot,45.34375,-121.28125,2100000,146705.66,Fifteenmile Creek,301660,11,Fifteenmile Creek,OR,45.34375N121.28125W,9626,1.296394523,Fifteenmile Creek,121.28125W,45.34375N,45.34375N121.28125W
Alfalfa_Hay,5.703,Center Pivot,45.34375,-121.21875,2100000,146705.66,Fifteenmile Creek,301661,11,Fifteenmile Creek,OR,45.34375N121.21875W,9626,5.703119757,Fifteenmile Creek,121.21875W,45.34375N,45.34375N121.21875W
Winter_wheat,0.348,Center Pivot,45.34375,-121.15625,2100000,146705.66,Fifteenmile Creek,301662,11,Fifteenmile Creek,OR,45.34375N121.15625W,9610,0.348064212,Fifteenmile Creek,121.15625W,45.34375N,45.34375N121.15625W
Corn_grain,0.348,Center Pivot,45.34375,-121.15625,2100000,146705.66,Fifteenmile Creek,301662,11,Fifteenmile Creek,OR,45.34375N121.15625W,9442,0.348064212,Fifteenmile Creek,121.15625W,45.34375N,45.34375N121.15625W
Alfalfa_Hay,410.994,Center Pivot,45.34375,-121.15625,2100000,146705.66,Fifteenmile Creek,301662,11,Fifteenmile Creek,OR,45.34375N121.15625W,9626,410.994221,Fifteenmile Creek,121.15625W,45.34375N,45.34375N121.15625W
Alfalfa_Seed,0.557,Center Pivot,45.34375,-121.15625,2100000,146705.66,Fifteenmile Creek,301662,11,Fifteenmile Creek,OR,45.34375N121.15625W,9562,0.556902739,Fifteenmile Creek,121.15625W,45.34375N,45.34375N121.15625W
Alfalfa_Hay,77.177,Center Pivot,45.34375,-121.09375,2100000,146705.66,Fifteenmile Creek,301663,11,Fifteenmile Creek,OR,45.34375N121.09375W,9626,77.17683064,Fifteenmile Creek,121.09375W,45.34375N,45.34375N121.09375W
Alfalfa_Hay,4.333,Center Pivot,45.34375,-121.03125,2100000,146705.66,Fifteenmile Creek,301664,11,Fifteenmile Creek,OR,45.34375N121.03125W,9626,4.333269338,Fifteenmile Creek,121.03125W,45.34375N,45.34375N121.03125W
Alfalfa_Hay,0.153,Center Pivot,45.40625,-121.40625,2100000,146705.66,Eightmile Creek,302586,11,Eightmile Creek,OR,45.40625N121.40625W,9626,0.152906286,Eightmile Creek,121.40625W,45.40625N,45.40625N121.40625W
Barley_Spring,0.296,Big Gun,45.40625,-121.34375,2100000,146705.66,Eightmile Creek,302587,11,Eightmile Creek,OR,45.40625N121.34375W,9402,0.296244681,Eightmile Creek,121.34375W,45.40625N,45.40625N121.34375W
Alfalfa_Hay,4.518,Center Pivot,45.40625,-121.34375,2100000,146705.66,Eightmile Creek,302587,11,Eightmile Creek,OR,45.40625N121.34375W,9626,4.51773139,Eightmile Creek,121.34375W,45.40625N,45.40625N121.34375W
Grass_Hay,0.704,Flood,45.40625,-121.34375,2100000,146705.66,Eightmile Creek,302587,11,Eightmile Creek,OR,45.40625N121.34375W,9642,0.703581118,Eightmile Creek,121.34375W,45.40625N,45.40625N121.34375W
Winter_wheat,0.065,Center Pivot,45.40625,-121.28125,2100000,146705.66,Eightmile Creek,302588,11,Eightmile Creek,OR,45.40625N121.28125W,9610,0.064543668,Eightmile Creek,121.28125W,45.40625N,45.40625N121.28125W
Corn_grain,0.024,Center Pivot,45.40625,-121.28125,2100000,146705.66,Eightmile Creek,302588,11,Eightmile Creek,OR,45.40625N121.28125W,9442,0.024203875,Eightmile Creek,121.28125W,45.40625N,45.40625N121.28125W
Alfalfa_Hay,15.531,Center Pivot,45.40625,-121.28125,2100000,146705.66,Eightmile Creek,302588,11,Eightmile Creek,OR,45.40625N121.28125W,9626,15.53082006,Eightmile Creek,121.28125W,45.40625N,45.40625N121.28125W
Grass_Hay,1.259,Flood,45.40625,-121.28125,2100000,146705.66,Eightmile Creek,302588,11,Eightmile Creek,OR,45.40625N121.28125W,9642,1.258601522,Eightmile Creek,121.28125W,45.40625N,45.40625N121.28125W
Alfalfa_Seed,0.024,Center Pivot,45.40625,-121.28125,2100000,146705.66,Eightmile Creek,302588,11,Eightmile Creek,OR,45.40625N121.28125W,9562,0.024203875,Eightmile Creek,121.28125W,45.40625N,45.40625N121.28125W
Winter_wheat,17.764,Center Pivot,45.40625,-121.21875,2100000,146705.66,Fifteenmile Creek,302589,11,Fifteenmile Creek,OR,45.40625N121.21875W,9610,17.76365936,Fifteenmile Creek,121.21875W,45.40625N,45.40625N121.21875W
Spring_wheat,0.251,Center Pivot,45.40625,-121.21875,2100000,146705.66,Fifteenmile Creek,302589,11,Fifteenmile Creek,OR,45.40625N121.21875W,9578,0.251372538,Fifteenmile Creek,121.21875W,45.40625N,45.40625N121.21875W
Corn_grain,0.419,Center Pivot,45.40625,-121.21875,2100000,146705.66,Fifteenmile Creek,302589,11,Fifteenmile Creek,OR,45.40625N121.21875W,9442,0.41895423,Fifteenmile Creek,121.21875W,45.40625N,45.40625N121.21875W
Barley_Spring,0.922,Big Gun,45.40625,-121.21875,2100000,146705.66,Fifteenmile Creek,302589,11,Fifteenmile Creek,OR,45.40625N121.21875W,9402,0.921699306,Fifteenmile Creek,121.21875W,45.40625N,45.40625N121.21875W
Alfalfa_Hay,244.25,Center Pivot,45.40625,-121.21875,2100000,146705.66,Fifteenmile Creek,302589,11,Fifteenmile Creek,OR,45.40625N121.21875W,9626,244.2503162,Fifteenmile Creek,121.21875W,45.40625N,45.40625N121.21875W
Grass_Hay,20.194,Flood,45.40625,-121.21875,2100000,146705.66,Fifteenmile Creek,302589,11,Fifteenmile Creek,OR,45.40625N121.21875W,9642,20.19359389,Fifteenmile Creek,121.21875W,45.40625N,45.40625N121.21875W
Alfalfa_Seed,0.419,Center Pivot,45.40625,-121.21875,2100000,146705.66,Fifteenmile Creek,302589,11,Fifteenmile Creek,OR,45.40625N121.21875W,9562,0.41895423,Fifteenmile Creek,121.21875W,45.40625N,45.40625N121.21875W
Alfalfa_Hay,62.34,Center Pivot,45.40625,-121.15625,2100000,146705.66,Fifteenmile Creek,302590,11,Fifteenmile Creek,OR,45.40625N121.15625W,9626,62.34038945,Fifteenmile Creek,121.15625W,45.40625N,45.40625N121.15625W
Grass_Hay,0.67,Flood,45.40625,-121.15625,2100000,146705.66,Fifteenmile Creek,302590,11,Fifteenmile Creek,OR,45.40625N121.15625W,9642,0.670326768,Fifteenmile Creek,121.15625W,45.40625N,45.40625N121.15625W
Alfalfa_Seed,0.419,Center Pivot,45.40625,-121.15625,2100000,146705.66,Fifteenmile Creek,302590,11,Fifteenmile Creek,OR,45.40625N121.15625W,9562,0.41895423,Fifteenmile Creek,121.15625W,45.40625N,45.40625N121.15625W
Alfalfa_Hay,55.218,Center Pivot,45.40625,-121.09375,2100000,146705.66,Fifteenmile Creek,302591,11,Fifteenmile Creek,OR,45.40625N121.09375W,9626,55.21816754,Fifteenmile Creek,121.09375W,45.40625N,45.40625N121.09375W
Alfalfa_Hay,6.477,Center Pivot,45.40625,-121.03125,2100000,146705.66,Fifteenmile Creek,302592,11,Fifteenmile Creek,OR,45.40625N121.03125W,9626,6.476635392,Fifteenmile Creek,121.03125W,45.40625N,45.40625N121.03125W
Alfalfa_Hay,8.052,Center Pivot,45.40625,-120.96875,2100000,146705.66,Fifteenmile Creek,302593,11,Fifteenmile Creek,OR,45.40625N120.96875W,9626,8.052120767,Fifteenmile Creek,120.96875W,45.40625N,45.40625N120.96875W
Alfalfa_Seed,0.081,Center Pivot,45.40625,-120.96875,2100000,146705.66,Fifteenmile Creek,302593,11,Fifteenmile Creek,OR,45.40625N120.96875W,9562,0.080790509,Fifteenmile Creek,120.96875W,45.40625N,45.40625N120.96875W
Alfalfa_Hay,0.052,Center Pivot,45.46875,-121.46875,2100000,146705.66,Eightmile Creek,303513,11,Eightmile Creek,OR,45.46875N121.46875W,9626,0.051908953,Eightmile Creek,121.46875W,45.46875N,45.46875N121.46875W
Alfalfa_Hay,0.588,Center Pivot,45.46875,-121.40625,2100000,146705.66,Eightmile Creek,303514,11,Eightmile Creek,OR,45.46875N121.40625W,9626,0.587818883,Eightmile Creek,121.40625W,45.46875N,45.46875N121.40625W
Alfalfa_Hay,17.915,Center Pivot,45.46875,-121.34375,2100000,146705.66,Eightmile Creek,303515,11,Eightmile Creek,OR,45.46875N121.34375W,9626,17.9145127,Eightmile Creek,121.34375W,45.46875N,45.46875N121.34375W
Winter_wheat,1.955,Center Pivot,45.46875,-121.28125,2100000,146705.66,Eightmile Creek,303516,11,Eightmile Creek,OR,45.46875N121.28125W,9610,1.955372933,Eightmile Creek,121.28125W,45.46875N,45.46875N121.28125W
Corn_grain,0.244,Center Pivot,45.46875,-121.28125,2100000,146705.66,Eightmile Creek,303516,11,Eightmile Creek,OR,45.46875N121.28125W,9442,0.244421617,Eightmile Creek,121.28125W,45.46875N,45.46875N121.28125W
Barley_Spring,0.407,Big Gun,45.46875,-121.28125,2100000,146705.66,Eightmile Creek,303516,11,Eightmile Creek,OR,45.46875N121.28125W,9402,0.407369361,Eightmile Creek,121.28125W,45.46875N,45.46875N121.28125W
Alfalfa_Hay,89.866,Center Pivot,45.46875,-121.28125,2100000,146705.66,Eightmile Creek,303516,11,Eightmile Creek,OR,45.46875N121.28125W,9626,89.86568105,Eightmile Creek,121.28125W,45.46875N,45.46875N121.28125W
Grass_Hay,0.652,Flood,45.46875,-121.28125,2100000,146705.66,Eightmile Creek,303516,11,Eightmile Creek,OR,45.46875N121.28125W,9642,0.651790978,Eightmile Creek,121.28125W,45.46875N,45.46875N121.28125W
Alfalfa_Seed,0.652,Center Pivot,45.46875,-121.28125,2100000,146705.66,Eightmile Creek,303516,11,Eightmile Creek,OR,45.46875N121.28125W,9562,0.651790978,Eightmile Creek,121.28125W,45.46875N,45.46875N121.28125W
Winter_wheat,1.344,Center Pivot,45.46875,-121.21875,2100000,146705.66,Eightmile Creek,303517,11,Eightmile Creek,OR,45.46875N121.21875W,9610,1.344351339,Eightmile Creek,121.21875W,45.46875N,45.46875N121.21875W
Spring_wheat,0.192,Center Pivot,45.46875,-121.21875,2100000,146705.66,Eightmile Creek,303517,11,Eightmile Creek,OR,45.46875N121.21875W,9578,0.192050191,Eightmile Creek,121.21875W,45.46875N,45.46875N121.21875W
Corn_grain,0.192,Center Pivot,45.46875,-121.21875,2100000,146705.66,Eightmile Creek,303517,11,Eightmile Creek,OR,45.46875N121.21875W,9450,0.192050191,Eightmile Creek,121.21875W,45.46875N,45.46875N121.21875W
Barley_Spring,0.192,Big Gun,45.46875,-121.21875,2100000,146705.66,Eightmile Creek,303517,11,Eightmile Creek,OR,45.46875N121.21875W,9410,0.192050191,Eightmile Creek,121.21875W,45.46875N,45.46875N121.21875W
Alfalfa_Hay,195.187,Center Pivot,45.46875,-121.21875,2100000,146705.66,Eightmile Creek,303517,11,Eightmile Creek,OR,45.46875N121.21875W,9626,195.1870111,Eightmile Creek,121.21875W,45.46875N,45.46875N121.21875W
Grass_Hay,9.154,Flood,45.46875,-121.21875,2100000,146705.66,Eightmile Creek,303517,11,Eightmile Creek,OR,45.46875N121.21875W,9642,9.154392453,Eightmile Creek,121.21875W,45.46875N,45.46875N121.21875W
Alfalfa_Seed,0.704,Center Pivot,45.46875,-121.21875,2100000,146705.66,Eightmile Creek,303517,11,Eightmile Creek,OR,45.46875N121.21875W,9562,0.704184035,Eightmile Creek,121.21875W,45.46875N,45.46875N121.21875W
Winter_wheat,4.743,Center Pivot,45.46875,-121.15625,2100000,146705.66,Eightmile Creek,303518,11,Eightmile Creek,OR,45.46875N121.15625W,9618,4.743052876,Eightmile Creek,121.15625W,45.46875N,45.46875N121.15625W
Corn_grain,0.105,Center Pivot,45.46875,-121.15625,2100000,146705.66,Eightmile Creek,303518,11,Eightmile Creek,OR,45.46875N121.15625W,9450,0.105401175,Eightmile Creek,121.15625W,45.46875N,45.46875N121.15625W
Barley_Spring,1.581,Big Gun,45.46875,-121.15625,2100000,146705.66,Eightmile Creek,303518,11,Eightmile Creek,OR,45.46875N121.15625W,9410,1.581017625,Eightmile Creek,121.15625W,45.46875N,45.46875N121.15625W
Canola,0.386,Center Pivot,45.46875,-121.15625,2100000,146705.66,Eightmile Creek,303518,11,Eightmile Creek,OR,45.46875N121.15625W,9434,0.386470975,Eightmile Creek,121.15625W,45.46875N,45.46875N121.15625W
Alfalfa_Hay,197.908,Center Pivot,45.46875,-121.15625,2100000,146705.66,Eightmile Creek,303518,11,Eightmile Creek,OR,45.46875N121.15625W,9626,197.908273,Eightmile Creek,121.15625W,45.46875N,45.46875N121.15625W
Grass_Hay,7.167,Flood,45.46875,-121.15625,2100000,146705.66,Eightmile Creek,303518,11,Eightmile Creek,OR,45.46875N121.15625W,9642,7.167279901,Eightmile Creek,121.15625W,45.46875N,45.46875N121.15625W
Alfalfa_Seed,1.195,Center Pivot,45.46875,-121.15625,2100000,146705.66,Eightmile Creek,303518,11,Eightmile Creek,OR,45.46875N121.15625W,9570,1.19454665,Eightmile Creek,121.15625W,45.46875N,45.46875N121.15625W
Triticale,0.562,Center Pivot,45.46875,-121.15625,2100000,146705.66,Eightmile Creek,303518,11,Eightmile Creek,OR,45.46875N121.15625W,9602,0.5621396,Eightmile Creek,121.15625W,45.46875N,45.46875N121.15625W
Winter_wheat,0.627,Center Pivot,45.46875,-121.09375,2100000,146705.66,Eightmile Creek,303519,11,Eightmile Creek,OR,45.46875N121.09375W,9618,0.627257325,Eightmile Creek,121.09375W,45.46875N,45.46875N121.09375W
Corn_grain,0.017,Center Pivot,45.46875,-121.09375,2100000,146705.66,Eightmile Creek,303519,11,Eightmile Creek,OR,45.46875N121.09375W,9450,0.016952901,Eightmile Creek,121.09375W,45.46875N,45.46875N121.09375W
Barley_Spring,0.09,Big Gun,45.46875,-121.09375,2100000,146705.66,Eightmile Creek,303519,11,Eightmile Creek,OR,45.46875N121.09375W,9410,0.09041547,Eightmile Creek,121.09375W,45.46875N,45.46875N121.09375W
Alfalfa_Hay,10.952,Center Pivot,45.46875,-121.09375,2100000,146705.66,Eightmile Creek,303519,11,Eightmile Creek,OR,45.46875N121.09375W,9626,10.95157384,Eightmile Creek,121.09375W,45.46875N,45.46875N121.09375W
Grass_Hay,0.39,Flood,45.46875,-121.09375,2100000,146705.66,Eightmile Creek,303519,11,Eightmile Creek,OR,45.46875N121.09375W,9642,0.389916716,Eightmile Creek,121.09375W,45.46875N,45.46875N121.09375W
Alfalfa_Seed,0.09,Center Pivot,45.46875,-121.09375,2100000,146705.66,Eightmile Creek,303519,11,Eightmile Creek,OR,45.46875N121.09375W,9570,0.09041547,Eightmile Creek,121.09375W,45.46875N,45.46875N121.09375W
Triticale,0.017,Center Pivot,45.46875,-121.09375,2100000,146705.66,Eightmile Creek,303519,11,Eightmile Creek,OR,45.46875N121.09375W,9602,0.016952901,Eightmile Creek,121.09375W,45.46875N,45.46875N121.09375W
Winter_wheat,1.59,Center Pivot,45.46875,-121.03125,2100000,146705.66,Fifteenmile Creek,303520,11,Fifteenmile Creek,OR,45.46875N121.03125W,9618,1.590263693,Fifteenmile Creek,121.03125W,45.46875N,45.46875N121.03125W
Barley_Spring,0.251,Big Gun,45.46875,-121.03125,2100000,146705.66,Fifteenmile Creek,303520,11,Fifteenmile Creek,OR,45.46875N121.03125W,9410,0.251094267,Fifteenmile Creek,121.03125W,45.46875N,45.46875N121.03125W
Onion,0.251,Center Pivot,45.46875,-121.03125,2100000,146705.66,Fifteenmile Creek,303520,11,Fifteenmile Creek,OR,45.46875N121.03125W,9538,0.251094267,Fifteenmile Creek,121.03125W,45.46875N,45.46875N121.03125W
Alfalfa_Hay,15.735,Center Pivot,45.46875,-121.03125,2100000,146705.66,Fifteenmile Creek,303520,11,Fifteenmile Creek,OR,45.46875N121.03125W,9626,15.73524075,Fifteenmile Creek,121.03125W,45.46875N,45.46875N121.03125W
Winter_wheat,121.668,Center Pivot,45.46875,-120.96875,2100000,146705.66,Fifteenmile Creek,303521,11,Fifteenmile Creek,OR,45.46875N120.96875W,9618,121.667839,Fifteenmile Creek,120.96875W,45.46875N,45.46875N120.96875W
Alfalfa_Hay,25.415,Center Pivot,45.46875,-120.96875,2100000,146705.66,Fifteenmile Creek,303521,11,Fifteenmile Creek,OR,45.46875N120.96875W,9626,25.41470112,Fifteenmile Creek,120.96875W,45.46875N,45.46875N120.96875W
Winter_wheat,10.429,Center Pivot,45.46875,-120.90625,2100000,146705.66,Fifteenmile Creek,303522,11,Fifteenmile Creek,OR,45.46875N120.90625W,9618,10.42872448,Fifteenmile Creek,120.90625W,45.46875N,45.46875N120.90625W
Alfalfa_Hay,7.744,Center Pivot,45.46875,-120.90625,2100000,146705.66,Fifteenmile Creek,303522,11,Fifteenmile Creek,OR,45.46875N120.90625W,9626,7.743627606,Fifteenmile Creek,120.90625W,45.46875N,45.46875N120.90625W
Alfalfa_Seed,0.264,Center Pivot,45.46875,-120.90625,2100000,146705.66,Fifteenmile Creek,303522,11,Fifteenmile Creek,OR,45.46875N120.90625W,9570,0.263714872,Fifteenmile Creek,120.90625W,45.46875N,45.46875N120.90625W
Winter_wheat,0.13,Center Pivot,45.53125,-121.28125,2100000,146705.66,Eightmile Creek,304444,11,Eightmile Creek,OR,45.53125N121.28125W,9610,0.129521764,Eightmile Creek,121.28125W,45.53125N,45.53125N121.28125W
Alfalfa_Hay,8.06,Center Pivot,45.53125,-121.28125,2100000,146705.66,Eightmile Creek,304444,11,Eightmile Creek,OR,45.53125N121.28125W,9626,8.060239016,Eightmile Creek,121.28125W,45.53125N,45.53125N121.28125W
Grass_Hay,1.106,Flood,45.53125,-121.28125,2100000,146705.66,Eightmile Creek,304444,11,Eightmile Creek,OR,45.53125N121.28125W,9642,1.105916602,Eightmile Creek,121.28125W,45.53125N,45.53125N121.28125W
Alfalfa_Seed,0.03,Center Pivot,45.53125,-121.28125,2100000,146705.66,Eightmile Creek,304444,11,Eightmile Creek,OR,45.53125N121.28125W,9562,0.029889638,Eightmile Creek,121.28125W,45.53125N,45.53125N121.28125W
Winter_wheat,0.134,Center Pivot,45.53125,-121.21875,2100000,146705.66,Eightmile Creek,304445,11,Eightmile Creek,OR,45.53125N121.21875W,9618,0.134291401,Eightmile Creek,121.21875W,45.53125N,45.53125N121.21875W
Canola,0.081,Center Pivot,45.53125,-121.21875,2100000,146705.66,Eightmile Creek,304445,11,Eightmile Creek,OR,45.53125N121.21875W,9434,0.08057484,Eightmile Creek,121.21875W,45.53125N,45.53125N121.21875W
Rye,0.081,Center Pivot,45.53125,-121.21875,2100000,146705.66,Eightmile Creek,304445,11,Eightmile Creek,OR,45.53125N121.21875W,7207,0.08057484,Eightmile Creek,121.21875W,45.53125N,45.53125N121.21875W
Alfalfa_Hay,23.367,Center Pivot,45.53125,-121.21875,2100000,146705.66,Eightmile Creek,304445,11,Eightmile Creek,OR,45.53125N121.21875W,9626,23.36670369,Eightmile Creek,121.21875W,45.53125N,45.53125N121.21875W
Grass_Hay,2.417,Flood,45.53125,-121.21875,2100000,146705.66,Eightmile Creek,304445,11,Eightmile Creek,OR,45.53125N121.21875W,9642,2.417245209,Eightmile Creek,121.21875W,45.53125N,45.53125N121.21875W
Alfalfa_Seed,0.913,Center Pivot,45.53125,-121.21875,2100000,146705.66,Eightmile Creek,304445,11,Eightmile Creek,OR,45.53125N121.21875W,9570,0.913181524,Eightmile Creek,121.21875W,45.53125N,45.53125N121.21875W
Winter_wheat,29.067,Center Pivot,45.53125,-121.15625,2100000,146705.66,Eightmile Creek,304446,11,Eightmile Creek,OR,45.53125N121.15625W,9618,29.06701137,Eightmile Creek,121.15625W,45.53125N,45.53125N121.15625W
Barley_Spring,0.317,Big Gun,45.53125,-121.15625,2100000,146705.66,Eightmile Creek,304446,11,Eightmile Creek,OR,45.53125N121.15625W,9410,0.316634111,Eightmile Creek,121.15625W,45.53125N,45.53125N121.15625W
Canola,0.507,Center Pivot,45.53125,-121.15625,2100000,146705.66,Eightmile Creek,304446,11,Eightmile Creek,OR,45.53125N121.15625W,9434,0.506614577,Eightmile Creek,121.15625W,45.53125N,45.53125N121.15625W
Rye,0.19,Center Pivot,45.53125,-121.15625,2100000,146705.66,Eightmile Creek,304446,11,Eightmile Creek,OR,45.53125N121.15625W,7207,0.189980466,Eightmile Creek,121.15625W,45.53125N,45.53125N121.15625W
Alfalfa_Hay,76.499,Center Pivot,45.53125,-121.15625,2100000,146705.66,Eightmile Creek,304446,11,Eightmile Creek,OR,45.53125N121.15625W,9626,76.49880115,Eightmile Creek,121.15625W,45.53125N,45.53125N121.15625W
Grass_Hay,25.711,Flood,45.53125,-121.15625,2100000,146705.66,Eightmile Creek,304446,11,Eightmile Creek,OR,45.53125N121.15625W,9642,25.71068979,Eightmile Creek,121.15625W,45.53125N,45.53125N121.15625W
Alfalfa_Seed,0.507,Center Pivot,45.53125,-121.15625,2100000,146705.66,Eightmile Creek,304446,11,Eightmile Creek,OR,45.53125N121.15625W,9570,0.506614577,Eightmile Creek,121.15625W,45.53125N,45.53125N121.15625W
Triticale,0.19,Center Pivot,45.53125,-121.15625,2100000,146705.66,Eightmile Creek,304446,11,Eightmile Creek,OR,45.53125N121.15625W,9602,0.189980466,Eightmile Creek,121.15625W,45.53125N,45.53125N121.15625W
Winter_wheat,75.609,Center Pivot,45.53125,-121.09375,2100000,146705.66,Eightmile Creek,304447,11,Eightmile Creek,OR,45.53125N121.09375W,9618,75.60891273,Eightmile Creek,121.09375W,45.53125N,45.53125N121.09375W
Corn_grain,0.23,Center Pivot,45.53125,-121.09375,2100000,146705.66,Eightmile Creek,304447,11,Eightmile Creek,OR,45.53125N121.09375W,9450,0.230280952,Eightmile Creek,121.09375W,45.53125N,45.53125N121.09375W
Barley_Spring,6.525,Big Gun,45.53125,-121.09375,2100000,146705.66,Eightmile Creek,304447,11,Eightmile Creek,OR,45.53125N121.09375W,9410,6.524626987,Eightmile Creek,121.09375W,45.53125N,45.53125N121.09375W
Rye,6.525,Center Pivot,45.53125,-121.09375,2100000,146705.66,Eightmile Creek,304447,11,Eightmile Creek,OR,45.53125N121.09375W,7207,6.524626987,Eightmile Creek,121.09375W,45.53125N,45.53125N121.09375W
Alfalfa_Hay,50.892,Center Pivot,45.53125,-121.09375,2100000,146705.66,Eightmile Creek,304447,11,Eightmile Creek,OR,45.53125N121.09375W,9626,50.8920905,Eightmile Creek,121.09375W,45.53125N,45.53125N121.09375W
Grass_Hay,26.713,Flood,45.53125,-121.09375,2100000,146705.66,Eightmile Creek,304447,11,Eightmile Creek,OR,45.53125N121.09375W,9642,26.71259049,Eightmile Creek,121.09375W,45.53125N,45.53125N121.09375W
Alfalfa_Seed,1.458,Center Pivot,45.53125,-121.09375,2100000,146705.66,Eightmile Creek,304447,11,Eightmile Creek,OR,45.53125N121.09375W,9570,1.458446032,Eightmile Creek,121.09375W,45.53125N,45.53125N121.09375W
Winter_wheat,178.982,Center Pivot,45.53125,-121.03125,2100000,146705.66,Eightmile Creek,304448,11,Eightmile Creek,OR,45.53125N121.03125W,9618,178.9819623,Eightmile Creek,121.03125W,45.53125N,45.53125N121.03125W
Rye,0.279,Center Pivot,45.53125,-121.03125,2100000,146705.66,Eightmile Creek,304448,11,Eightmile Creek,OR,45.53125N121.03125W,7207,0.279104279,Eightmile Creek,121.03125W,45.53125N,45.53125N121.03125W
Alfalfa_Hay,9.693,Center Pivot,45.53125,-121.03125,2100000,146705.66,Eightmile Creek,304448,11,Eightmile Creek,OR,45.53125N121.03125W,9626,9.692530423,Eightmile Creek,121.03125W,45.53125N,45.53125N121.03125W
Grass_Hay,0.127,Flood,45.53125,-121.03125,2100000,146705.66,Eightmile Creek,304448,11,Eightmile Creek,OR,45.53125N121.03125W,9642,0.126865581,Eightmile Creek,121.03125W,45.53125N,45.53125N121.03125W
Alfalfa_Seed,0.279,Center Pivot,45.53125,-121.03125,2100000,146705.66,Eightmile Creek,304448,11,Eightmile Creek,OR,45.53125N121.03125W,9570,0.279104279,Eightmile Creek,121.03125W,45.53125N,45.53125N121.03125W
Winter_wheat,366.107,Center Pivot,45.53125,-120.96875,2100000,146705.66,Fifteenmile Creek,304449,11,Fifteenmile Creek,OR,45.53125N120.96875W,9618,366.1073136,Fifteenmile Creek,120.96875W,45.53125N,45.53125N120.96875W
Spring_wheat,0.92,Center Pivot,45.53125,-120.96875,2100000,146705.66,Fifteenmile Creek,304449,11,Fifteenmile Creek,OR,45.53125N120.96875W,9586,0.919657559,Fifteenmile Creek,120.96875W,45.53125N,45.53125N120.96875W
Barley_Spring,0.669,Big Gun,45.53125,-120.96875,2100000,146705.66,Fifteenmile Creek,304449,11,Fifteenmile Creek,OR,45.53125N120.96875W,9410,0.668841861,Fifteenmile Creek,120.96875W,45.53125N,45.53125N120.96875W
Canola,291.782,Center Pivot,45.53125,-120.96875,2100000,146705.66,Fifteenmile Creek,304449,11,Fifteenmile Creek,OR,45.53125N120.96875W,9434,291.7822618,Fifteenmile Creek,120.96875W,45.53125N,45.53125N120.96875W
Alfalfa_Hay,46.819,Center Pivot,45.53125,-120.96875,2100000,146705.66,Fifteenmile Creek,304449,11,Fifteenmile Creek,OR,45.53125N120.96875W,9626,46.81893026,Fifteenmile Creek,120.96875W,45.53125N,45.53125N120.96875W
Grass_Hay,2.007,Flood,45.53125,-120.96875,2100000,146705.66,Fifteenmile Creek,304449,11,Fifteenmile Creek,OR,45.53125N120.96875W,9642,2.006525582,Fifteenmile Creek,120.96875W,45.53125N,45.53125N120.96875W
Winter_wheat,228.003,Center Pivot,45.53125,-120.90625,2100000,146705.66,Fifteenmile Creek,304450,11,Fifteenmile Creek,OR,45.53125N120.90625W,9618,228.0034057,Fifteenmile Creek,120.90625W,45.53125N,45.53125N120.90625W
Alfalfa_Hay,7.049,Center Pivot,45.53125,-120.90625,2100000,146705.66,Fifteenmile Creek,304450,11,Fifteenmile Creek,OR,45.53125N120.90625W,9626,7.048856775,Fifteenmile Creek,120.90625W,45.53125N,45.53125N120.90625W
Grass_Hay,0.434,Flood,45.53125,-120.90625,2100000,146705.66,Fifteenmile Creek,304450,11,Fifteenmile Creek,OR,45.53125N120.90625W,9642,0.433775802,Fifteenmile Creek,120.90625W,45.53125N,45.53125N120.90625W
Alfalfa_Seed,0.081,Center Pivot,45.53125,-120.90625,2100000,146705.66,Fifteenmile Creek,304450,11,Fifteenmile Creek,OR,45.53125N120.90625W,9570,0.081332963,Fifteenmile Creek,120.90625W,45.53125N,45.53125N120.90625W
Winter_wheat,0.139,Center Pivot,45.59375,-121.15625,2100000,146705.66,Eightmile Creek,305374,11,Eightmile Creek,OR,45.59375N121.15625W,9618,0.138857475,Eightmile Creek,121.15625W,45.59375N,45.59375N121.15625W
Barley_Spring,0.004,Big Gun,45.59375,-121.15625,2100000,146705.66,Eightmile Creek,305374,11,Eightmile Creek,OR,45.59375N121.15625W,9418,0.00413728,Eightmile Creek,121.15625W,45.59375N,45.59375N121.15625W
Onion,0.001,Center Pivot,45.59375,-121.15625,2100000,146705.66,Eightmile Creek,305374,11,Eightmile Creek,OR,45.59375N121.15625W,9538,0.00077574,Eightmile Creek,121.15625W,45.59375N,45.59375N121.15625W
Rye,0.007,Center Pivot,45.59375,-121.15625,2100000,146705.66,Eightmile Creek,305374,11,Eightmile Creek,OR,45.59375N121.15625W,7207,0.006981661,Eightmile Creek,121.15625W,45.59375N,45.59375N121.15625W
Alfalfa_Hay,0.104,Center Pivot,45.59375,-121.15625,2100000,146705.66,Eightmile Creek,305374,11,Eightmile Creek,OR,45.59375N121.15625W,9626,0.103690592,Eightmile Creek,121.15625W,45.59375N,45.59375N121.15625W
Grass_Hay,0.078,Flood,45.59375,-121.15625,2100000,146705.66,Eightmile Creek,305374,11,Eightmile Creek,OR,45.59375N121.15625W,9642,0.077574009,Eightmile Creek,121.15625W,45.59375N,45.59375N121.15625W
Winter_wheat,71.201,Center Pivot,45.59375,-121.09375,2100000,146705.66,Eightmile Creek,305375,11,Eightmile Creek,OR,45.59375N121.09375W,9618,71.20098597,Eightmile Creek,121.09375W,45.59375N,45.59375N121.09375W
Corn_grain,0.12,Center Pivot,45.59375,-121.09375,2100000,146705.66,Eightmile Creek,305375,11,Eightmile Creek,OR,45.59375N121.09375W,9450,0.120001662,Eightmile Creek,121.09375W,45.59375N,45.59375N121.09375W
Barley_Spring,1.16,Big Gun,45.59375,-121.09375,2100000,146705.66,Eightmile Creek,305375,11,Eightmile Creek,OR,45.59375N121.09375W,9410,1.160016064,Eightmile Creek,121.09375W,45.59375N,45.59375N121.09375W
Canola,0.12,Center Pivot,45.59375,-121.09375,2100000,146705.66,Eightmile Creek,305375,11,Eightmile Creek,OR,45.59375N121.09375W,9434,0.120001662,Eightmile Creek,121.09375W,45.59375N,45.59375N121.09375W
Rye,4.48,Center Pivot,45.59375,-121.09375,2100000,146705.66,Eightmile Creek,305375,11,Eightmile Creek,OR,45.59375N121.09375W,7207,4.480062039,Eightmile Creek,121.09375W,45.59375N,45.59375N121.09375W
Alfalfa_Hay,32.4,Center Pivot,45.59375,-121.09375,2100000,146705.66,Eightmile Creek,305375,11,Eightmile Creek,OR,45.59375N121.09375W,9626,32.40044867,Eightmile Creek,121.09375W,45.59375N,45.59375N121.09375W
Grass_Hay,5.12,Flood,45.59375,-121.09375,2100000,146705.66,Eightmile Creek,305375,11,Eightmile Creek,OR,45.59375N121.09375W,9642,5.120070901,Eightmile Creek,121.09375W,45.59375N,45.59375N121.09375W
Alfalfa_Seed,0.52,Center Pivot,45.59375,-121.09375,2100000,146705.66,Eightmile Creek,305375,11,Eightmile Creek,OR,45.59375N121.09375W,9570,0.520007201,Eightmile Creek,121.09375W,45.59375N,45.59375N121.09375W
Triticale,0.32,Center Pivot,45.59375,-121.09375,2100000,146705.66,Eightmile Creek,305375,11,Eightmile Creek,OR,45.59375N121.09375W,9602,0.320004431,Eightmile Creek,121.09375W,45.59375N,45.59375N121.09375W
Winter_wheat,76.247,Center Pivot,45.59375,-121.03125,2100000,146705.66,Eightmile Creek,305376,11,Eightmile Creek,OR,45.59375N121.03125W,9618,76.24749552,Eightmile Creek,121.03125W,45.59375N,45.59375N121.03125W
Barley_Spring,0.973,Big Gun,45.59375,-121.03125,2100000,146705.66,Eightmile Creek,305376,11,Eightmile Creek,OR,45.59375N121.03125W,9410,0.972854807,Eightmile Creek,121.03125W,45.59375N,45.59375N121.03125W
Rye,0.578,Center Pivot,45.59375,-121.03125,2100000,146705.66,Eightmile Creek,305376,11,Eightmile Creek,OR,45.59375N121.03125W,7207,0.577632542,Eightmile Creek,121.03125W,45.59375N,45.59375N121.03125W
Alfalfa_Hay,19.062,Center Pivot,45.59375,-121.03125,2100000,146705.66,Eightmile Creek,305376,11,Eightmile Creek,OR,45.59375N121.03125W,9626,19.06187388,Eightmile Creek,121.03125W,45.59375N,45.59375N121.03125W
Grass_Hay,1.763,Flood,45.59375,-121.03125,2100000,146705.66,Eightmile Creek,305376,11,Eightmile Creek,OR,45.59375N121.03125W,9642,1.763299338,Eightmile Creek,121.03125W,45.59375N,45.59375N121.03125W
Winter_wheat,90.034,Center Pivot,45.59375,-120.96875,2100000,146705.66,Fifteenmile Creek,305377,11,Fifteenmile Creek,OR,45.59375N120.96875W,9618,90.03409975,Fifteenmile Creek,120.96875W,45.59375N,45.59375N120.96875W
Barley_Spring,3.657,Big Gun,45.59375,-120.96875,2100000,146705.66,Fifteenmile Creek,305377,11,Fifteenmile Creek,OR,45.59375N120.96875W,9410,3.656619575,Fifteenmile Creek,120.96875W,45.59375N,45.59375N120.96875W
Rye,2.6,Center Pivot,45.59375,-120.96875,2100000,146705.66,Fifteenmile Creek,305377,11,Fifteenmile Creek,OR,45.59375N120.96875W,7207,2.600262809,Fifteenmile Creek,120.96875W,45.59375N,45.59375N120.96875W
Alfalfa_Hay,92.634,Center Pivot,45.59375,-120.96875,2100000,146705.66,Fifteenmile Creek,305377,11,Fifteenmile Creek,OR,45.59375N120.96875W,9626,92.63436256,Fifteenmile Creek,120.96875W,45.59375N,45.59375N120.96875W
Grass_Hay,12.107,Flood,45.59375,-120.96875,2100000,146705.66,Fifteenmile Creek,305377,11,Fifteenmile Creek,OR,45.59375N120.96875W,9642,12.1074737,Fifteenmile Creek,120.96875W,45.59375N,45.59375N120.96875W
Alfalfa_Seed,1.544,Center Pivot,45.59375,-120.96875,2100000,146705.66,Fifteenmile Creek,305377,11,Fifteenmile Creek,OR,45.59375N120.96875W,9570,1.543906043,Fifteenmile Creek,120.96875W,45.59375N,45.59375N120.96875W
Triticale,0.244,Center Pivot,45.59375,-120.96875,2100000,146705.66,Fifteenmile Creek,305377,11,Fifteenmile Creek,OR,45.59375N120.96875W,9602,0.243774638,Fifteenmile Creek,120.96875W,45.59375N,45.59375N120.96875W
Winter_wheat,11.715,Center Pivot,45.59375,-120.90625,2100000,146705.66,Fifteenmile Creek,305378,11,Fifteenmile Creek,OR,45.59375N120.90625W,9618,11.71501988,Fifteenmile Creek,120.90625W,45.59375N,45.59375N120.90625W
Canola,0.053,Center Pivot,45.59375,-120.90625,2100000,146705.66,Fifteenmile Creek,305378,11,Fifteenmile Creek,OR,45.59375N120.90625W,9434,0.053330895,Fifteenmile Creek,120.90625W,45.59375N,45.59375N120.90625W
Rye,0.427,Center Pivot,45.59375,-120.90625,2100000,146705.66,Fifteenmile Creek,305378,11,Fifteenmile Creek,OR,45.59375N120.90625W,7207,0.426647158,Fifteenmile Creek,120.90625W,45.59375N,45.59375N120.90625W
Alfalfa_Hay,3.395,Center Pivot,45.59375,-120.90625,2100000,146705.66,Fifteenmile Creek,305378,11,Fifteenmile Creek,OR,45.59375N120.90625W,9626,3.3954003,Fifteenmile Creek,120.90625W,45.59375N,45.59375N120.90625W
Grass_Hay,0.196,Flood,45.59375,-120.90625,2100000,146705.66,Fifteenmile Creek,305378,11,Fifteenmile Creek,OR,45.59375N120.90625W,9642,0.195546614,Fifteenmile Creek,120.90625W,45.59375N,45.59375N120.90625W
Alfalfa_Seed,0.053,Center Pivot,45.59375,-120.90625,2100000,146705.66,Fifteenmile Creek,305378,11,Fifteenmile Creek,OR,45.59375N120.90625W,9570,0.053330895,Fifteenmile Creek,120.90625W,45.59375N,45.59375N120.90625W
Winter_wheat,0.548,Center Pivot,45.65625,-121.09375,2100000,146705.66,Fifteenmile Creek,306303,11,Fifteenmile Creek,OR,45.65625N121.09375W,9617,0.547710075,Fifteenmile Creek,121.09375W,45.65625N,45.65625N121.09375W
Corn_grain,0.034,Center Pivot,45.65625,-121.09375,2100000,146705.66,Fifteenmile Creek,306303,11,Fifteenmile Creek,OR,45.65625N121.09375W,9449,0.03423188,Fifteenmile Creek,121.09375W,45.65625N,45.65625N121.09375W
Onion,0.11,Center Pivot,45.65625,-121.09375,2100000,146705.66,Fifteenmile Creek,306303,11,Fifteenmile Creek,OR,45.65625N121.09375W,9537,0.109542015,Fifteenmile Creek,121.09375W,45.65625N,45.65625N121.09375W
Rye,0.089,Center Pivot,45.65625,-121.09375,2100000,146705.66,Fifteenmile Creek,306303,11,Fifteenmile Creek,OR,45.65625N121.09375W,7207,0.089002887,Fifteenmile Creek,121.09375W,45.65625N,45.65625N121.09375W
Alfalfa_Hay,0.164,Center Pivot,45.65625,-121.09375,2100000,146705.66,Fifteenmile Creek,306303,11,Fifteenmile Creek,OR,45.65625N121.09375W,9625,0.164313023,Fifteenmile Creek,121.09375W,45.65625N,45.65625N121.09375W
Grass_Hay,0.637,Flood,45.65625,-121.09375,2100000,146705.66,Fifteenmile Creek,306303,11,Fifteenmile Creek,OR,45.65625N121.09375W,9641,0.636712962,Fifteenmile Creek,121.09375W,45.65625N,45.65625N121.09375W
Winter_wheat,1.756,Center Pivot,45.65625,-121.03125,2100000,146705.66,Fifteenmile Creek,306304,11,Fifteenmile Creek,OR,45.65625N121.03125W,9617,1.755779663,Fifteenmile Creek,121.03125W,45.65625N,45.65625N121.03125W
Barley_Spring,1.001,Big Gun,45.65625,-121.03125,2100000,146705.66,Fifteenmile Creek,306304,11,Fifteenmile Creek,OR,45.65625N121.03125W,9409,1.000605615,Fifteenmile Creek,121.03125W,45.65625N,45.65625N121.03125W
Rye,0.302,Center Pivot,45.65625,-121.03125,2100000,146705.66,Fifteenmile Creek,306304,11,Fifteenmile Creek,OR,45.65625N121.03125W,7207,0.30206962,Fifteenmile Creek,121.03125W,45.65625N,45.65625N121.03125W
Alfalfa_Hay,24.996,Center Pivot,45.65625,-121.03125,2100000,146705.66,Fifteenmile Creek,306304,11,Fifteenmile Creek,OR,45.65625N121.03125W,9625,24.99626101,Fifteenmile Creek,121.03125W,45.65625N,45.65625N121.03125W
Grass_Hay,1.454,Flood,45.65625,-121.03125,2100000,146705.66,Fifteenmile Creek,306304,11,Fifteenmile Creek,OR,45.65625N121.03125W,9641,1.453710044,Fifteenmile Creek,121.03125W,45.65625N,45.65625N121.03125W
Alfalfa_Seed,0.057,Center Pivot,45.65625,-121.03125,2100000,146705.66,Fifteenmile Creek,306304,11,Fifteenmile Creek,OR,45.65625N121.03125W,9569,0.056638054,Fifteenmile Creek,121.03125W,45.65625N,45.65625N121.03125W
Triticale,0.057,Center Pivot,45.65625,-121.03125,2100000,146705.66,Fifteenmile Creek,306304,11,Fifteenmile Creek,OR,45.65625N121.03125W,9601,0.056638054,Fifteenmile Creek,121.03125W,45.65625N,45.65625N121.03125W
Winter_wheat,0.708,Center Pivot,45.65625,-120.96875,2100000,146705.66,Fifteenmile Creek,306305,11,Fifteenmile Creek,OR,45.65625N120.96875W,9617,0.707920187,Fifteenmile Creek,120.96875W,45.65625N,45.65625N120.96875W
Spring_wheat,0.032,Center Pivot,45.65625,-120.96875,2100000,146705.66,Fifteenmile Creek,306305,11,Fifteenmile Creek,OR,45.65625N120.96875W,9585,0.03160358,Fifteenmile Creek,120.96875W,45.65625N,45.65625N120.96875W
Barley_Spring,0.202,Big Gun,45.65625,-120.96875,2100000,146705.66,Fifteenmile Creek,306305,11,Fifteenmile Creek,OR,45.65625N120.96875W,9409,0.20226291,Fifteenmile Creek,120.96875W,45.65625N,45.65625N120.96875W
Onion,0.07,Center Pivot,45.65625,-120.96875,2100000,146705.66,Fifteenmile Creek,306305,11,Fifteenmile Creek,OR,45.65625N120.96875W,9537,0.069527875,Fifteenmile Creek,120.96875W,45.65625N,45.65625N120.96875W
Rye,0.07,Center Pivot,45.65625,-120.96875,2100000,146705.66,Fifteenmile Creek,306305,11,Fifteenmile Creek,OR,45.65625N120.96875W,7207,0.069527875,Fifteenmile Creek,120.96875W,45.65625N,45.65625N120.96875W
Alfalfa_Hay,4.576,Center Pivot,45.65625,-120.96875,2100000,146705.66,Fifteenmile Creek,306305,11,Fifteenmile Creek,OR,45.65625N120.96875W,9625,4.576198349,Fifteenmile Creek,120.96875W,45.65625N,45.65625N120.96875W
Grass_Hay,5.177,Flood,45.65625,-120.96875,2100000,146705.66,Fifteenmile Creek,306305,11,Fifteenmile Creek,OR,45.65625N120.96875W,9641,5.176666364,Fifteenmile Creek,120.96875W,45.65625N,45.65625N120.96875W
Triticale,0.051,Center Pivot,45.65625,-120.96875,2100000,146705.66,Fifteenmile Creek,306305,11,Fifteenmile Creek,OR,45.65625N120.96875W,9601,0.050565728,Fifteenmile Creek,120.96875W,45.65625N,45.65625N120.96875W
