WR_Doc_ID,instream_provision,gauge,gauge_ID
2032308,Wenatchee River,Wenatchee River at Plain,12457000
2032515,Wenatchee River,Wenatchee River at Plain,12457000
2032555,Wenatchee River,Wenatchee River at Plain,12457000
2033030,Wenatchee River,Wenatchee River at Peshastin,12459000
2033170,Wenatchee River,Wenatchee River at Plain,12457000
2075118,Wenatchee River,Wenatchee River at Monitor,12462500
2075506,Wenatchee River,Wenatchee River at Plain,12457000
2075526,Wenatchee River,Wenatchee River at Monitor,12462500
2075871,Wenatchee River,Wenatchee River at Plain,12457000
2075873,Wenatchee River,Wenatchee River at Plain,12457000
2075874,Wenatchee River,Wenatchee River at Plain,12457000
2076033,Wenatchee River,Wenatchee River at Monitor,12462500
2076199,Wenatchee River,Wenatchee River at Monitor,12462500
2076215,Okanogan River,Lower Okanogan (Malott),12447200
2076303,Okanogan River,Similkameen (Nighthawk),12442500
2076322,Wenatchee River,Mission Creek near Cashmere,12462000
2076336,Okanogan River,Middle Okanogan (Tonasket),12445000
2076347,Methow River,Chewuch River,12448000
2076350,Methow River,Twisp River,12448998
2076351,Okanogan River,Middle Okanogan (Tonasket),12445000
2076421,Methow River,Chewuch River,12448000
2076427,Wenatchee River,Wenatchee River at Plain,12457000
2076429,Methow River,Chewuch River,12448000
2076430,Methow River,Twisp River,12448998
2076431,Methow River,Chewuch River,12448000
2076441,Okanogan River,Similkameen (Nighthawk),12442500
2076467,Methow River,Twisp River,12448998
2076491,Methow River,Twisp River,12448998
2076504,Methow River,Twisp River,12448998
2076802,Methow River,Lower Methow,12449950
2076817,Wenatchee River,Mission Creek near Cashmere,12462000
2076839,Okanogan River,Similkameen (Nighthawk),12442500
2076854,Okanogan River,Lower Okanogan (Malott),12447200
2076944,Methow River,Chewuch River,12448000
2076951,Methow River,Chewuch River,12448000
2076952,Methow River,Lower Methow,12449950
2076992,Methow River,Upper Methow,12447389
2076998,Methow River,Middle Methow,12449500
2077003,Okanogan River,Middle Okanogan (Tonasket),12445000
2077019,Okanogan River,Lower Okanogan (Malott),12447200
2077029,Okanogan River,Similkameen (Nighthawk),12442500
2077077,Okanogan River,Similkameen (Nighthawk),12442500
2077079,Okanogan River,Middle Okanogan (Tonasket),12445000
2077080,Okanogan River,Middle Okanogan (Tonasket),12445000
2077088,Methow River,Twisp River,12448998
2077093,Okanogan River,Lower Okanogan (Malott),12447200
2077158,Okanogan River,Middle Okanogan (Tonasket),12445000
2077176,Methow River,Lower Methow,12449950
2077177,Methow River,Lower Methow,12449950
2077179,Methow River,Twisp River,12448998
2077230,Okanogan River,Similkameen (Nighthawk),12442500
2077234,Methow River,Twisp River,12448998
2077338,Methow River,Twisp River,12448998
2077342,Okanogan River,Upper Okanogan (Oroville),12439500
2077355,Methow River,Lower Methow,12449950
2077434,Okanogan River,Lower Okanogan (Malott),12447200
2077435,Okanogan River,Lower Okanogan (Malott),12447200
2077437,Okanogan River,Lower Okanogan (Malott),12447200
2077461,Okanogan River,Lower Okanogan (Malott),12447200
2077488,Methow River,Twisp River,12448998
2077506,Methow River,Lower Methow,12449950
2077513,Methow River,Middle Methow,12449500
2077520,Methow River,Lower Methow,12449950
2077525,Methow River,Lower Methow,12449950
2080449,Methow River,Lower Methow,12449950
2080470,Okanogan River,Similkameen (Nighthawk),12442500
2080485,Methow River,Methow Headwaters,12447383
2080947,Okanogan River,Similkameen (Nighthawk),12442500
2080970,Okanogan River,Middle Okanogan (Tonasket),12445000
2081040,Wenatchee River,Mission Creek near Cashmere,12462000
2081101,Okanogan River,Similkameen (Nighthawk),12442500
2081106,Methow River,Upper Methow,12447389
2081265,Methow River,Lower Methow,12449950
2081360,Methow River,Lower Methow,12449950
2081384,Okanogan River,Similkameen (Nighthawk),12442500
2081458,Methow River,Lower Methow,12449950
2081532,Methow River,Lower Methow,12449950
2081585,Okanogan River,Middle Okanogan (Tonasket),12445000
2081590,Methow River,Lower Methow,12449950
2081595,Okanogan River,Middle Okanogan (Tonasket),12445000
2081739,Methow River,Lower Methow,12449950
2081740,Methow River,Lower Methow,12449950
2081820,Methow River,Lower Methow,12449950
2081832,Methow River,Lower Methow,12449950
2082168,Okanogan River,Middle Okanogan (Tonasket),12445000
2082593,Okanogan River,Similkameen (Nighthawk),12442500
2082664,Okanogan River,Middle Okanogan (Tonasket),12445000
2084676,Okanogan River,Lower Okanogan (Malott),12447200
2084684,Okanogan River,Similkameen (Nighthawk),12442500
2084730,Okanogan River,Lower Okanogan (Malott),12447200
2084767,Wenatchee River,Wenatchee River at Plain,12457000
2084906,Wenatchee River,Mission Creek near Cashmere,12462000
2084907,Wenatchee River,Wenatchee River at Monitor,12462500
2084914,Wenatchee River,Wenatchee River at Peshastin,12459000
2085002,Wenatchee River,Wenatchee River at Monitor,12462500
2085381,Okanogan River,Similkameen (Nighthawk),12442500
2085407,Okanogan River,Similkameen (Nighthawk),12442500
2085629,Wenatchee River,Wenatchee River at Plain,12457000
2086334,Wenatchee River,Wenatchee River at Peshastin,12459000
2086610,Wenatchee River,Wenatchee River at Monitor,12462500
2086875,Methow River,Methow Headwaters,12447383
2086876,Methow River,Methow Headwaters,12447383
2086877,Methow River,Methow Headwaters,12447383
2086877,Methow River,Methow Headwaters,12447383
2087200,Okanogan River,Middle Okanogan (Tonasket),12445000
2087716,Methow River,Methow Headwaters,12447383
2087722,Okanogan River,Middle Okanogan (Tonasket),12445000
2132688,Okanogan River,Similkameen (Nighthawk),12442500
2132750,Okanogan River,Upper Okanogan (Oroville),12439500
2132818,Okanogan River,Upper Okanogan (Oroville),12439500
2132819,Okanogan River,Lower Okanogan (Malott),12447200
2132862,Okanogan River,Middle Okanogan (Tonasket),12445000
2133055,Okanogan River,Similkameen (Nighthawk),12442500
2139867,Okanogan River,Lower Okanogan (Malott),12447200
2140200,Okanogan River,Middle Okanogan (Tonasket),12445000
2140233,Okanogan River,Middle Okanogan (Tonasket),12445000
2283123,Wenatchee River,Wenatchee River at Monitor,12462500
2283139,Wenatchee River,Mission Creek near Cashmere,12462000
2283142,Methow River,Lower Methow,12449950
2283145,Okanogan River,Lower Okanogan (Malott),12447200
2283163,Okanogan River,Similkameen (Nighthawk),12442500
2283169,Methow River,Methow Headwaters,12447383
2283207,Methow River,Methow Headwaters,12447383
2283353,Okanogan River,Lower Okanogan (Malott),12447200
2283354,Methow River,Lower Methow,12449950
2283366,Methow River,Lower Methow,12449950
2283374,Okanogan River,Lower Okanogan (Malott),12447200
2283376,Okanogan River,Lower Okanogan (Malott),12447200
2283383,Methow River,Chewuch River,12448000
2283397,Wenatchee River,Wenatchee River at Monitor,12462500
2283419,Okanogan River,Middle Okanogan (Tonasket),12445000
2283424,Wenatchee River,Wenatchee River at Monitor,12462500
2283443,Okanogan River,Lower Okanogan (Malott),12447200
2283447,Wenatchee River,Wenatchee River at Plain,12457000
2283642,Wenatchee River,Wenatchee River at Plain,12457000
2283643,Wenatchee River,Wenatchee River at Plain,12457000
2283647,Methow River,Lower Methow,12449950
2283653,Okanogan River,Lower Okanogan (Malott),12447200
2283738,Okanogan River,Similkameen (Nighthawk),12442500
2283760,Okanogan River,Lower Okanogan (Malott),12447200
2283837,Okanogan River,Lower Okanogan (Malott),12447200
2283840,Okanogan River,Lower Okanogan (Malott),12447200
2283894,Okanogan River,Middle Okanogan (Tonasket),12445000
2283958,Okanogan River,Lower Okanogan (Malott),12447200
2283999,Wenatchee River,Mission Creek near Cashmere,12462000
2284015,Okanogan River,Lower Okanogan (Malott),12447200
2284064,Wenatchee River,Wenatchee River at Plain,12457000
2284105,Wenatchee River,Wenatchee River at Monitor,12462500
2284135,Methow River,Twisp River,12448998
4163733,Wenatchee River,Wenatchee River at Peshastin,12459000
4165179,Methow River,Methow Headwaters,12447383
4173839,Okanogan River,Similkameen (Nighthawk),12442500
4236853,Okanogan River,Similkameen (Nighthawk),12442500
4236866,Okanogan River,Similkameen (Nighthawk),12442500
4468927,Methow River,Lower Methow,12449950
4640112,Okanogan River,Middle Okanogan (Tonasket),12445000
4669043,Okanogan River,Middle Okanogan (Tonasket),12445000
6800766,Methow River,Middle Methow,12449500
6800899,Okanogan River,Upper Okanogan (Oroville),12439500
6801672,Okanogan River,Lower Okanogan (Malott),12447200
6802985,Wenatchee River,,
6802986,Wenatchee River,,
