Crop_Name,Acres_grown,Exact_Acres,Crop_Types,Selected_for_Partial_Leasing,Reason_for_selection
Alfalfa Hay,260992,260976.8489,Perennial_Hay_Grass ,YES,deep rooted and drought tolerant
Alfalfa Seed,11172,11163.3987,Perennial_Hay,YES,deep rooted and drought tolerant
Alfalfa/Grass Hay,24489,24481.83661,Perennial_Hay ,YES,deep rooted and drought tolerant
Alkali Bee Bed,47,47.39798905,Perennial_Hay,NO,Not enough acreages
Allium,11,10.79753067,Perennial_Flowers,NO,Not enough acreages
Apple,193858,193759.4285,Perennial_fruit,NO,"Perennial fruit, little bit problematic in drought tolerant, initial investment is high, so grower will take risk to loose long term investment.  "
Apricot,1004,999.8237446,Perennial_Flowers,NO,"Perennial fruit and not suitable for deficit irrigation, it showed significant yield reduction under DI treatment. "
Asparagus,3807,3812.059723,Perennial_Vegetable,YES/NO ?,"DI reduced 20% of Etc and yield of 13% of full irrigation (six years field study of FAO,Italy)"
Barley,4397,4392.65441,Annual_grass,YES,"Annual, sufficient acreags"
Barley Hay,1975,1975.081378,Annual_grass,YES,"Annual, sufficient acreags"
Bean Seed,825,825.2908033,Annual_vegetable,NO,"Annual vegetable, yield reduction is high under DI"
"Bean, Dry",46787,46785.41221,Annual_vegetable,NO,"Annual vegetable, yield reduction is high under DI"
"Bean, Garbanzo",159,157.7520192,Annual_legume,NO,"Annual legume, not sufficient acreags"
"Bean, Green",2900,2896.326714,Annual_vegetable,NO,"Annual vegetable, yield reduction is high under DI"
"Beans, Dry",126,125.6802172,Annual_vegetable,NO,"Annual vegetable, yield reduction is high under DI, not sufficient acreags"
Beet,10,9.673536078,Annual_vegetable,NO,"Annual vegetable, not sufficient acreages"
Beet Seed,665,669.1146585,Annual_vegetable,NO,"Annual vegetable, not sufficient acreages"
"Berry, Unknown",42,41.06110951,Perennial_Crop,NO,"Prennial crop, not sufficient acreages"
Blueberry,17752,17733.39136,Perennial_Crop,NO,"Perennial fruit, little bit problematic in drought tolerant, initial investment is high, so grower will take risk to loose long term investment. "
Bluegrass Seed,15652,15651.06454,Perennial_grass,YES,DI tolerant and showed adequate quality
Broccoli,618,619.4310597,Annual_vegetable,NO,"Annual vegetable, not sufficient acreages"
Bromegrass Seed,146,145.9097709,Perennial_grass,NO,Not enough acreages
Brussels Sprouts,643,645.0523407,Biennial_Vegetable,NO,Not enough acreages
Brussels Sprouts Seed,42,41.615407,Biennial_Vegetable,NO,Not enough acreages
Buckwheat,6830,6832.263393,Annual_Cereals,YES,"Annual, sufficient acreags"
"Bulb, Unknown",12,11.72945454,Perennial_Flowers,NO,Perennial and not have enough acreages
Cabbage,841,841.7661331,Annual_vegetable,NO,"Annual vegetable, yield reduction is high under DI"
Cabbage Seed,486,488.8472527,Annual_vegetable,NO,"Annual vegetable, yield reduction is high under DI"
Caneberry,10709,10701.0228,Perennial_Crop,NO,"Perennial fruit, little bit problematic in drought tolerant, initial investment is high, so grower will take risk to loose long term investment. "
Canola,10128,10128.2073,Annual_Crop,YES,"Annual, sufficient acreags"
Cantaloupe,34,34.22298163,Perennial_Crop,NO,Perennial and not have enough acreages
Carrot,8042,8037.113108,Annual_vegetable,NO,"Annual vegetable/legume, yield reduction is high under DI"
Carrot Seed,1235,1235.552643,Annual_vegetable,NO,"Annual vegetable/legume, yield reduction is high under DI"
Cauliflower,386,385.2114518,Annual_vegetable,NO,"Annual vegetable, not sufficient acreages"
"Cereal Grain, Unknown",3,3.312291542,Annual_Cereals,NO,Not Sufficient Acreags
Cherry,46231,46142.79204,Perennial_Crop,NO,"Perennial fruit, little bit problematic in drought tolerant/DI, initial investment is high, so grower will take risk to loose long term investment. "
Chestnut,31,30.72726442,Perennial_Crop,NO,Perennial and not have enough acreages
Christmas Tree,547,545.1054295,Perenneal_Tree,NO,Perennial and not have enough acreages
Cilantro Seed,368,369.1498828,Annual_vegetable,NO,"Annual vegetable, not sufficient acreages"
Clover Hay,263,261.3638471,Perennial_grass,NO,Perennial and not have enough acreages
Clover Seed,31,31.10663603,Perennial_grass,NO,Perennial and not have enough acreages
Clover/Grass Hay,543,539.7912682,Perennial_grass,NO,Perennial and not have enough acreages
Conifer Seed,302,301.9263823,Perennial_grass,NO,Perennial and not have enough acreages
Corn Seed,3715,3708.921158,Annual_Crop,YES,"Annual, Forage/grain crops are little bit drough and DI tolerant"
"Corn, Field",229393,229358.742,Annual_Crop,YES,"Annual, Forage/grain crops are little bit drough and DI tolerant"
"Corn, Sweet",70605,70610.62412,Annual_Crop,YES,"Annual, Forage/grain crops are little bit drough and DI tolerant"
"Corn, Unknown",79,78.70653371,Annual_Crop,NO,"Annual crop, not sufficient acreages"
Cranberry,1880,1878.50921,Perennial_Crop,NO,"Perennial fruit, little bit problematic in drought tolerant/DI, initial investment is high, so grower will take risk to loose long term investment. "
CRP/Conservation,1562,1560.931806,NA,NA,NA
Cucumber,500,499.6714768,Annual_vegetable,NO,"Annual vegetable, not sufficient acreages"
Currant,81,81.63341517,Perenneal_Crop,NO,Perennial and not have enough acreages
Daffodil,63,62.64721605,Perennial_Flowers,NO,Perennial and not have enough acreages
Dahlia,1,0.568912513,Perennial_Flowers,NO,Perennial and not have enough acreages
Dandelion,15,15.43986297,Perennial_Flowers,NO,Perennial and not have enough acreages
Developed,3524,3508.263188,NA,NA,NA
Dill,1084,1084.816578,Annual_vegetable,NO,"Annual vegetable, yield reduction is high under DI"
Driving Range,710,713.8375684,NA,NA,NA
Fallow,9962,9942.5242,NA,NA,NA
"Fallow, Idle",17096,17070.06075,NA,NA,NA
"Fallow, Tilled",7605,7605.159352,NA,NA,NA
Fescue Seed,3656,3652.588111,Perennial_grass,YES,"Perennial grass, but Suitable for deficit irrigation"
Filbert,145,145.3040301,Perennial_Crop,NO,Perennial and not have enough acreages
Flax Seed,204,204.0650512,Annual_Flower_Seed,NO,"Annual, not sufficient acreages"
Garlic,88,88.28244616,Perennial_vegetable,NO,Perennial and not have enough acreages
Golf Course,19078,19057.95689,Annual/Perennial,NO,"Something relavant to aestheticis, and smoothness, and DI might impact on these"
"Grape, Juice",18806,18786.03922,Perennial_Crop,NO,"Perennial fruit, little bit problematic in drought tolerant/DI, initial investment is high, so grower will take risk to loose long term investment. "
"Grape, Table",2,2.196765526,Perennial_Crop,NO,"Perennial fruit, little bit problematic in drought tolerant/DI, initial investment is high, so grower will take risk to loose long term investment. "
"Grape, Unknown",79,78.8667548,Perennial_Crop,NO,"Perennial fruit, little bit problematic in drought tolerant/DI, initial investment is high, so grower will take risk to loose long term investment. "
"Grape, Wine",57861,57768.36152,Perennial_Crop,NO,"Perennial fruit, little bit problematic in drought tolerant/DI, initial investment is high, so grower will take risk to loose long term investment. "
Grass Hay,90266,90316.58937,Perennial_grass,YES,"deep rooted, drought and DI tolerant"
Grass Seed,13627,13623.00538,Perennial_grass,YES,"deep rooted, drought and DI tolerant"
Green Manure,522,520.8984746,Annual_Crop,NO,"Annual, not sufficient acreages"
"Hay/Silage, Unknown",38,37.77186965,Perennial_grass,NO,Perennial and not have enough acreages
Hemp,539,542.4855142,Herbaceous perennials,NO,Perennial and not have enough acreages
Hops,41790,41799.43682,Herbaceous perennials,YES,DI tolerant and showed adequate quality and less yield reduction under DI treatment
Iris,2,2.070028799,Perennial_Flowers,NO,Perennial and not have enough acreages
Kale,6,6.391201897,Biennial_Vegetable,NO,Not Sufficient Acreags
Kiwi,5,4.281719612,Perennial_Crop,NO,Perennial and not have enough acreages
Legume Cover,698,698.5779884,Annual_crop,NO,"Annual, not sufficient acreages"
Lettuce,152,154.7566491,Annual_vegetable,NO,"Annual, not sufficient acreages"
Marijuana,612,586.6724438,Annual_herb,NO,"Annual, not sufficient acreages"
Market Crops,7790,7779.686923,Annual,NO/.YES ?,
Medicinal Herb,439,439.8162412,Annual/Shortlive Perenneal,NO,"Annual, not sufficient acreages"
"Melon, Unknown",49,49.65032169,Annual,NO,"Annual, not sufficient acreages"
Mint,20614,20624.73202,Perennial_herb,NO,"Perennail, and didn't perform well under deficit irrigation"
Mustard,1036,1034.395777,Annual_vegetable,NO,"Annual, not sufficient acreages"
Mustard Seed,2,2.226205183,Annual_vegetable,NO,"Annual, not sufficient acreages"
Nectarine/Peach,2944,2921.43898,Perennial_crop,NO,"Perennial fruit, little bit problematic in drought tolerant/DI, initial investment is high, so grower will take risk to loose long term investment. "
"Nursery, Caneberry",61,60.99553534,Perennial_crop,NO,Perennial and not have enough acreages
"Nursery, Greenhouse",263,254.4096032,Perennial,NO,Perennial and not have enough acreages
"Nursery, Holly",3,3.430363849,Perennial_herb,NO,Perennial and not have enough acreages
"Nursery, Lavender",103,99.32783913,Perennial_flower,NO,Perennial and not have enough acreages
"Nursery, Orchard/Vineyard",2998,2997.750931,Perennial_crop,NO,"Perennial orchard, nursery"
"Nursery, Ornamental",3908,3891.420474,Annual/Perennial,NO,Nursery
"Nursery, Silviculture",976,973.5392734,Perennial_herb,NO,Perennial and not have enough acreages
Oat,1143,1143.565176,Annual_crop,YES,"Annual, Forage/grain crops are little bit drough and DI tolerant"
Oat Hay,1946,1944.379078,Annual_crop,YES,"Annual, Forage/grain crops are little bit drough and DI tolerant"
Onion,33990,33979.84217,Annual_vegetable,YES,Onion Performed well under certain level of DI
Onion Seed,1075,1071.697221,Annual_vegetable,YES,Onion Performed well under certain level of DI
"Orchard, Unknown",193,192.3040588,Perennial,NO,Perennial and not have enough acreages
Parsley,72,71.51250642,Biennial_Vegetable,NO,Not Sufficient Acreags
Pasture,142506,142432.643,Perennial_grass,YES/NO ?,
Pea Seed,4907,4906.291957,Annual_vegetable,NO,"Annual Vegetable, and significant yield reduction under DI treatment"
"Pea, Dry",8731,8731.281949,Annual_vegetable,NO,"Annual Vegetable, and significant yield reduction under DI treatment"
"Pea, Green",20568,20578.86423,Annual_vegetable,NO,"Annual Vegetable, and significant yield reduction under DI treatment"
Pear,20500,20454.95139,Perennial_crop,NO,"Perennial fruit, little bit problematic in drought tolerant/DI, initial investment is high, so grower will take risk to loose long term investment. "
Peony,17,16.13111861,Perennial_flower,NO,Perennial and not have enough acreages
Pepper,381,382.7509043,Perennial_vegetable,NO,Perennial and not have enough acreages
Plum,247,246.3878732,Perennial_crop,NO,Perennial and not have enough acreages
Poplar,850,848.8229248,Perennial_crop,NO,Perennial and not have enough acreages
Potato,169606,169592.5573,Annual_vegetable,NO,"Annual Vegetable, and significant yield reduction under DI treatment"
Potato Seed,367,365.9048854,Annual_vegetable,NO,"Annual Vegetable, and significant yield reduction under DI treatment"
Pumpkin,1750,1742.803306,Annual_vegetable,NO,"Annual Vegetable, and DI is not suitable"
Quinoa,3,2.677383795,Annual_crop,NO,Not Sufficient Acreags
Radish,81,81.79951549,Annual_vegetable,NO,"Annual vegetable, and not sufficient acreages"
Radish Seed,121,120.8790577,Annual_vegetable,NO,"Annual vegetable, and not sufficient acreages"
Reclamation Seed,222,222.4136352,Annual/perennial,NO,Mixtutre of Annual/Perennial
Research Station,1571,1569.39151,Annual/Perennial,NO,Mixtutre of Annual/Perennial
Rhubarb,250,247.4732692,Perennial_vegetable,NO,Perennial and not have enough acreages
Rye,1201,1200.443003,Annual_grass,YES,"Annual, and DI and drought tolerant"
Rye Hay,47,47.06916476,Annual_grass,NO,Not Sufficient Acreags
Ryegrass Seed,1897,1896.545157,Annual_grass,YES,"Annual, and DI and drought tolerant"
Safflower Seed,78,76.86639641,Annual_vegetable,NO,"Annual vegetable, and not sufficient acreages"
"Seed, Other",63,63.10010875,Annual/Perennial,NO,Mixtutre of Annual/Perennial
Silviculture,171,169.6656315,Perennial_herb,NO,Perennial and not have enough acreages
Sod Farm,3060,3058.47661,Perennial_grass,YES,"Perennial grass, but Suitable for deficit irrigation"
Sorghum,35,35.78888907,Annual_crop,NO,"Annual crop, and not sufficient acreages"
Soybean,179,178.117784,Annual_Crop,NO,"Annual crop, and not sufficient acreages"
Spinach,237,237.124386,Annual_vegetable,NO,"Annual vegetable, and not sufficient acreages"
Spinach Seed,2867,2864.915057,Annual_vegetable,NO,"Annual Vegetable, and significant yield reduction under DI treatment"
Squash,985,987.4504532,Annual_vegetable,NO,"Annual Vegetable, and DI is not suitable"
Strawberry,913,914.3439406,Perennial_crop,NO,"Perennial fruit, little bit problematic in drought tolerant/DI, initial investment is high, so grower will take risk to loose long term investment. "
Sudangrass,3657,3651.492626,Annual_grass,YES,"Annual, and DI and drought tolerant"
Sugar Beet,1859,1856.93373,Biennial_crop,NO,Not suitable for DI
Sugar Beet Seed,488,486.3195525,Biennial_crop,NO,"Not suitable for DI, and insufficient crop acreages"
Sunflower,548,547.8239592,Annual_Flower,NO,Not Sufficient Acreags
Sunflower Seed,947,946.1499403,Annual_Flower Seed,NO,Not Sufficient Acreags
Swiss Chard Seed,200,200.2228647,Biennial_Vegetable,NO,Not Sufficient Acreags
Timothy,108619,108626.4889,Perennial_grass,YES,"Perennial grass, but Suitable for deficit irrigation and drought tolerant"
Tomato,82,82.53272649,Annual_vegetable,NO,"annual vegetable, and insufficient crop acreages"
Triticale,1399,1398.489303,Annual_crop,YES,"Annual, Forage/grain crops are little bit drough and DI tolerant"
Triticale Hay,1586,1582.900784,Annual_crop,YES,"Annual, Forage/grain crops are little bit drough and DI tolerant"
Tulip,100,99.6628873,Perennial_flower,NO,Perennial and not have enough acreages
Turnip,12,12.6081256,Biennial_crop,NO,Not Sufficient Acreags
Unknown,1840,1834.67178,,NO,NA
"Vegetable, Unknown",129,129.73188,,NO,NA
Walnut,98,97.23669981,Perennial_crop,NO,Perennial and not have enough acreages
Watermelon,539,537.6926052,Annual_fruit/vegetable,NO,"annual vegetable, and insufficient crop acreages"
Wheat,183899,183883.7329,Annual_crop,YES,"Annual, Forage/grain crops are little bit drough and DI tolerant"
Wheat Fallow,18049,18043.30505,Annual_Crop,YES,"Annual, Forage/grain crops are little bit drough and DI tolerant"
Wildlife Feed,5636,5636.343112,Annual/Perennial_grass,YES,Annual and Perennial gras are suitable for DI
Yarrow Seed,160,158.6984891,Perennial_flower,NO,Perennial and not have enough acreages
Yellow Mustard,1479,1479.110987,Annual_crop,YES,"Annual, and have enough crop acreages"
,,,,,
,,,,,
,,,,,
,,,,,
,,,,,
,,,,,
,,,,,
,,,,,
,,,,,
,,,,,
,,,,,
,,,,,
,,,,,
,,,,,
,,,,,DI=  Deficit Irrigation
,,,,,Selected Minimum crop acreages> 1000 acres
